,A,B,C,D
2000-01-01,0.27079565509639864,0.05269117174920876,-3.353088991244581,0.33401990463672027
2000-01-02,0.8194698190513836,-2.203300999497526,-2.8138445159802785,0.5865242227841028
2000-01-03,1.7196551700796292,-4.22798797381123,-2.481117227087942,0.20840328158269006
2000-01-04,0.8305885746337528,-2.9756736850887355,-2.792882745133257,-0.5505870302146321
2000-01-05,0.33906730668237683,-3.193503384987205,-1.9165114549633695,-0.4705453921129902
2000-01-06,0.2631764396864201,-4.4472502084994625,-1.440727175102632,-1.5660038509873409
2000-01-07,0.178009991059979,-4.653550630042121,-2.4720310586684846,-1.8076848903625227
2000-01-08,1.3413981415840797,-4.548541538047168,-3.8818139824962308,-0.5777848866803161
2000-01-09,1.321025381210606,-4.386602382740526,-4.588643426256043,-2.3732187299719056
2000-01-10,1.0896416438485097,-4.97630187824787,-5.145991348097836,-3.4883950252728626
2000-01-11,2.280155925604081,-5.448168736976356,-4.39031948669401,-2.705748326652098
2000-01-12,3.208625396699655,-5.541402448449702,-4.244731884250717,-2.159200685214484
2000-01-13,3.8805310397544694,-4.472697342850626,-3.6073067735153876,-2.949544692097415
2000-01-14,4.358812977431313,-5.1291696011723165,-4.476768476239046,-1.842484196442049
2000-01-15,4.057206841843683,-4.86536813155185,-3.4829117039632327,-3.0085312018975268
2000-01-16,4.394804260117986,-5.9175303951377565,-4.557160520852693,-4.45032691402035
2000-01-17,4.800112673008077,-4.871147820736342,-3.59264778090301,-4.564908207657829
2000-01-18,5.7653854102577125,-5.426592966603003,-4.465032756770522,-4.72407013081953
2000-01-19,5.097888529618743,-3.688017904785463,-3.7088702275574765,-4.234183118315732
2000-01-20,4.210018562024939,-4.8347464496274135,-2.9095674006257632,-5.516556795523142
2000-01-21,4.2410277497934015,-4.527517754111869,-4.159319945427308,-4.329677210003372
2000-01-22,4.622363880432344,-4.318087335541702,-3.972864115762157,-5.502969294404276
2000-01-23,5.32306442047962,-4.361204917966503,-2.6484572889174256,-3.4811372440146
2000-01-24,3.0706330438290523,-4.926527511883919,-3.9006920399140634,-2.830994093631359
2000-01-25,2.775811304967125,-5.751978008996868,-3.0854186595009145,-3.877956100927448
2000-01-26,3.97911993239712,-4.845642647300794,-2.989590070006984,-5.265083273694408
2000-01-27,5.606717876691805,-5.081088506730354,-2.335333560895045,-4.512755928404141
2000-01-28,5.560829402479859,-5.144658260483928,-3.846232977446853,-3.1167856666158706
2000-01-29,6.936868489018103,-5.525802006766319,-3.640508022583443,-1.4164540047580028
2000-01-30,6.0134819386034675,-5.617205085254217,-3.5626909545718037,-1.0143864348041771
2000-01-31,6.882821807463945,-6.321142333929431,-3.42814194037603,-1.0613370101657784
2000-02-01,5.895894157199132,-7.195958206438657,-3.188215239623442,-1.4992919327430871
2000-02-02,4.556485806579069,-8.95413774338593,-3.4679410163297106,-2.279503075190833
2000-02-03,3.600179841843523,-9.495867402198847,-3.97155668887747,-3.195159027546775
2000-02-04,3.0306447794379623,-10.654382779349763,-3.729214964787111,-4.567084699192105
2000-02-05,3.089660675121098,-11.515048634197228,-3.1332007632748597,-5.042715067093898
2000-02-06,2.6253882601879943,-11.78759690049579,-3.581580876788974,-5.317262965252453
2000-02-07,2.1522132762614774,-11.215208823187723,-3.1856238948421587,-5.592491551715667
2000-02-08,0.9476533511683785,-9.967363372554676,-3.0538778706107035,-6.456638809339487
2000-02-09,0.13529767727830877,-10.102336599443142,-2.8727851119719645,-5.752014606561174
2000-02-10,-0.40224874883883555,-11.11381366379877,-2.7949940290092075,-6.139648778678067
2000-02-11,-0.9674958493470226,-12.342679572591988,-3.5572545814304997,-7.586670372120061
2000-02-12,-0.8531966595279008,-12.279081568392424,-3.0381899229786904,-6.544925766034827
2000-02-13,-0.34952607052791906,-11.79275349946569,-4.668406165588283,-5.314901238874665
2000-02-14,-0.8172373507995478,-12.668919895378126,-3.517266241154643,-6.746292744639888
2000-02-15,-1.2134483907626525,-11.703815792315032,-4.144128474907736,-8.562229355579472
2000-02-16,-3.2604190366792145,-13.270262224695141,-4.528412617052793,-8.62540375435785
2000-02-17,-2.968742159891658,-13.253171529106522,-4.38807232785516,-8.464832330100718
2000-02-18,-3.47381320516532,-14.384274429028286,-3.9740793619525903,-8.828583678282744
2000-02-19,-2.3300982206832392,-14.107988039512668,-2.9970741504364202,-10.886936241708693
2000-02-20,-2.570911921698108,-12.26835985214895,-5.021092999633583,-11.571190313209973
2000-02-21,-1.7034283298419366,-13.932640497059626,-5.286504326670938,-10.935360125195947
2000-02-22,-1.3078048791405075,-13.053316935217687,-6.329057612197169,-12.10611948581317
2000-02-23,-0.9449581399935871,-12.642388687036457,-8.554945445104382,-12.064038782082555
2000-02-24,0.26764706211518363,-12.907268070540574,-8.77633247137486,-11.62307267775506
2000-02-25,0.9570959528252925,-16.39509205332694,-8.168466150021823,-12.034458325058035
2000-02-26,-0.3737106891487141,-16.364482530169898,-10.066866144977501,-10.171547842838667
2000-02-27,0.8398960717828186,-15.565528114947691,-8.318048011868123,-10.278112367617467
2000-02-28,-0.14402543108789212,-15.136929855057286,-8.359298702549602,-10.839684822635851
2000-02-29,-1.5843568113736755,-14.23062033683606,-10.38169427801908,-10.362042575240725
2000-03-01,-0.5180324501588534,-14.076507521374522,-12.772397387089857,-9.299649019563883
2000-03-02,0.12964948719470848,-14.650032625139694,-11.91720656060679,-10.940005552868254
2000-03-03,0.5202966921697243,-13.996828466468976,-12.765905984236142,-10.140479964893641
2000-03-04,2.01029942874685,-13.426382862156938,-14.627478200228127,-9.77703946860969
2000-03-05,3.767228850896884,-12.894956651627648,-14.022376524404253,-8.772215156676022
2000-03-06,3.724126791873237,-13.54417134523305,-15.096563105689587,-9.261229383672893
2000-03-07,4.700504930588554,-11.943539524340395,-14.974214633391746,-9.586173154525023
2000-03-08,4.62138648499597,-11.190624518692324,-14.437663206289127,-8.825903905574657
2000-03-09,3.214347710351265,-11.668552866199258,-14.200104100674166,-8.720395192236618
2000-03-10,3.074724799231033,-12.820038054875916,-13.946166468760417,-8.902461092675233
2000-03-11,3.137240814101089,-12.924954482928493,-14.017797872211982,-8.358866112711963
2000-03-12,2.609233265672848,-11.654695274683947,-13.305426214047104,-9.657385944622835
2000-03-13,3.5187726817384632,-11.30699584211154,-12.611144043561698,-10.255038243050368
2000-03-14,2.625454964934943,-12.452989441701604,-15.367235056359945,-10.621505381417135
2000-03-15,2.047616772573199,-13.294242055576774,-15.050634567827766,-11.401471231149907
2000-03-16,1.0984186824973428,-13.734186762848411,-15.60226225527498,-10.717398906635598
2000-03-17,2.147056435600096,-13.478426711865259,-14.746788314914484,-11.304935251681819
2000-03-18,2.2314522179969307,-12.632887609347858,-14.708994639244784,-11.539712188660202
2000-03-19,2.6131041110974866,-12.828121085698989,-15.585572235565909,-12.059984025323065
2000-03-20,1.9129387316379245,-10.41089099572654,-17.09122857829317,-12.862654768722738
2000-03-21,0.5866089636549414,-11.1541706773394,-17.793913387572445,-14.547998333981306
2000-03-22,1.2326502355473004,-10.852539513062629,-19.53567901854911,-15.16170338266739
2000-03-23,1.3257171946725905,-10.162268460834914,-19.344238566190214,-12.7633727498108
2000-03-24,1.6035334849642007,-9.363944793789267,-18.485213438984143,-11.384784149665249
2000-03-25,1.283078065968286,-10.39160653342876,-17.021089876675525,-10.887756230755794
2000-03-26,1.1624048307567163,-10.719913116313077,-16.81781268484184,-12.573679701784219
2000-03-27,0.275415808060654,-9.748905532120688,-17.044172453282005,-11.316432480884686
2000-03-28,0.7121623527843939,-10.31537505401259,-16.365386140551266,-11.836649971571987
2000-03-29,1.1355734923491927,-11.157702814278096,-16.84129573925873,-10.897232118438069
2000-03-30,-0.31698783823784105,-10.330020449382477,-17.32662326538411,-11.533350111316198
2000-03-31,0.13609393683959592,-10.685665424947176,-16.882186419429953,-11.354784332543156
2000-04-01,-0.0673653559316621,-11.501804296998323,-15.406239938545138,-10.90625308886396
2000-04-02,-0.3804276768266414,-11.384933118626817,-16.88776692573185,-11.677064381503055
2000-04-03,-1.1594132578305774,-10.686139499044462,-17.42915765884663,-10.451655238589224
2000-04-04,-2.450121377573213,-10.896024851821148,-16.496022939451137,-9.844709188893317
2000-04-05,-1.6110094501462355,-12.562023814074896,-15.026537930928233,-10.094013310382632
2000-04-06,-2.176473743082595,-12.621338522670394,-16.036725420435186,-10.870255174297334
2000-04-07,-1.147459859145621,-11.530487248718693,-16.35871895131736,-10.620551700441792
2000-04-08,-2.1514102482100412,-10.111252588583271,-17.148553395296688,-10.946589772747636
2000-04-09,-1.907704120061545,-12.988392113700655,-16.7751134167461,-9.380075225630165
2000-04-10,-1.7505934774934713,-12.692011525980874,-18.284801123856365,-8.399681810229715
2000-04-11,-2.080651422222929,-15.068306153337993,-16.987179610053957,-8.740656238117376
2000-04-12,-2.928027150988006,-15.524073497827546,-18.041481607219836,-8.30612818500204
2000-04-13,-1.8494849588140656,-16.15628131700708,-17.898557509695006,-8.713244992730028
2000-04-14,-2.6949729412723036,-14.956915724605524,-18.1266098737446,-8.278323975521767
2000-04-15,-4.3938917186319735,-15.251925247943003,-18.750165263405584,-8.87049024920439
2000-04-16,-4.330792310835173,-14.834069145801855,-16.427022877827742,-7.341482816448301
2000-04-17,-4.537575417018735,-13.239752376283397,-16.618937229290303,-7.754252583268773
2000-04-18,-5.467021169465826,-13.290262550443895,-17.1885546745545,-7.419164497525246
2000-04-19,-5.883954799565783,-14.594654488092607,-15.881762660628407,-7.951020104059112
2000-04-20,-6.37360144826735,-15.952540920254103,-16.46223443630373,-7.25604844425824
2000-04-21,-7.895230085028766,-16.54387944379993,-15.300144206285202,-8.34177389756541
2000-04-22,-7.008030981800287,-15.136399543258833,-14.372016102385903,-8.802619928603214
2000-04-23,-6.965180367253666,-15.867200503271624,-15.51116676420861,-7.648891285112914
2000-04-24,-6.811581261261013,-17.12846715870587,-14.67156845145842,-8.310564456329896
2000-04-25,-6.642938161632031,-17.748190632437865,-16.17778122443304,-7.7882710049105155
2000-04-26,-6.420927695358299,-16.66643320414989,-15.451007526853942,-6.712471111575104
2000-04-27,-5.869179585489365,-17.191761788349815,-15.13713402287963,-7.295739260179873
2000-04-28,-6.328334526585412,-18.164710448503804,-15.025475966128665,-5.307069673290916
2000-04-29,-4.139345858231668,-16.42204576452872,-15.134966877429765,-4.005648009051761
2000-04-30,-4.331561502218229,-15.631391228889473,-14.1617102112104,-3.341755662249504
2000-05-01,-4.4150430057132155,-16.256747013718364,-13.22648177255805,-4.043700989179319
2000-05-02,-5.52463744932454,-14.999149862320747,-13.929316882582324,-3.884626933001708
2000-05-03,-3.073396961412943,-14.673280635818488,-14.314303498490276,-4.418941275383737
2000-05-04,-4.165801638809632,-14.982417481375581,-14.740190889097667,-4.122579229338918
2000-05-05,-2.6348210345908503,-15.235321290797199,-15.635497754815681,-5.085840416054646
2000-05-06,-2.8555823545818964,-16.3854784826715,-14.539918850774038,-5.990134077869405
2000-05-07,-3.484543388105644,-15.23961511978896,-13.301961186854067,-5.681718424243908
2000-05-08,-3.6723546701993515,-12.772123848819604,-13.258793668809943,-6.066234013233181
2000-05-09,-3.7677182406965146,-12.108588588536335,-13.920128651129904,-3.6927827245179192
2000-05-10,-4.274355066681436,-12.18282255636483,-12.735194206990146,-4.693811527661101
2000-05-11,-4.074507419173651,-11.805330306856122,-13.408935992311791,-6.301556779251268
2000-05-12,-5.673797604216773,-12.871842124158468,-14.204768049110159,-5.074434630078203
2000-05-13,-7.125779653736995,-14.283872177033004,-13.621806100609941,-4.823417542302071
2000-05-14,-7.095057173485677,-12.928231172256591,-14.644189046583959,-3.931965588209393
2000-05-15,-6.809203258693755,-14.743467849018405,-14.580334861438807,-2.409653466033473
2000-05-16,-4.691863089346867,-15.736685879154455,-14.835263041279205,-3.018365325889185
2000-05-17,-6.040510906960894,-17.066408662943925,-14.90216752623223,-2.020171881781713
2000-05-18,-4.714645968771661,-16.238892097358814,-14.601912246455774,-1.8049197630523997
2000-05-19,-5.232023469844189,-16.44679895407964,-14.470447869966385,-2.1539574692105434
2000-05-20,-3.4093858041729845,-17.713742745151684,-13.951791288340354,-1.6581069440601626
2000-05-21,-4.041919065605584,-18.57782121182932,-12.756243657985172,-2.0299405585416372
2000-05-22,-4.023158898969645,-17.7057460648762,-13.62107068904535,-3.455295273847327
2000-05-23,-3.7919119883207193,-17.035361997777603,-12.306784823386085,-3.785074769180753
2000-05-24,-4.012389494413156,-18.379979695059664,-11.184403543917204,-2.662424641149568
2000-05-25,-3.2447718560640477,-18.348076292783848,-12.06586797674389,-2.802515283343379
2000-05-26,-2.8426224480706974,-17.80246188032214,-9.926203863913337,-3.53360264085346
2000-05-27,-2.3799002954762054,-17.125571729880654,-9.600935676486985,-3.1359593583590413
2000-05-28,-0.09038971118505623,-16.591145868197614,-9.191511550707743,-2.3733702276522397
2000-05-29,0.6011410503116125,-17.161820372772617,-8.490327726643738,-2.4438801294490413
2000-05-30,2.0412302183818016,-18.606215374357667,-8.337934917903569,-1.9111859210366386
2000-05-31,2.561700480936077,-20.561512765268905,-6.584443724194838,-2.0391682744750574
2000-06-01,2.867718559965079,-20.935932492054754,-6.38784364291883,-2.544644767115037
2000-06-02,4.959631758935863,-21.226105905098027,-7.133526728322386,-1.8139821533010427
2000-06-03,4.212701946752714,-22.077066869177898,-6.198287079897129,-1.8632780269174596
2000-06-04,2.9750758254035397,-20.25995453720066,-5.644357497193543,-2.628145525259977
2000-06-05,3.817879723587674,-18.925380382727933,-5.730756132628864,-3.4116887688107727
2000-06-06,4.864909568333987,-19.09565326404092,-7.6129515070622045,-2.205408558462339
2000-06-07,6.131484962344208,-18.145117432833075,-8.955327734470387,-2.1389463680340812
2000-06-08,6.279934094860503,-18.336556155422684,-8.699789696133989,-2.34232739999191
2000-06-09,6.769699600692758,-16.496877473757337,-6.4446162390264785,-3.576879018426825
2000-06-10,6.764705118425204,-16.414410020844844,-5.099320878704555,-3.3007862952281894
2000-06-11,6.671111294066706,-14.61179706581709,-4.617368932285793,-3.6026938499159575
2000-06-12,7.774211651889445,-13.884888138794564,-4.4192208066882035,-3.449379398330951
2000-06-13,9.574449126753334,-13.96354664530486,-5.51437718182502,-4.0511229715215435
2000-06-14,7.308218990414345,-14.403116005860829,-5.787375589648705,-3.33724986633087
2000-06-15,6.23095858310525,-14.913598485676454,-6.419177951245891,-3.7994556727873947
2000-06-16,7.531212581353956,-16.03919670828843,-5.418910564129709,-2.8354962562847774
2000-06-17,8.769081264850143,-15.823579798007543,-4.0965420417751695,-2.406184436860495
2000-06-18,10.518466835577353,-18.21708113498251,-3.1820167635950245,-2.9408580363613384
2000-06-19,8.426404937005788,-18.745684555949033,-2.1972562518810594,-3.521367083492718
2000-06-20,7.90869043458958,-20.04305236316655,-2.415241438744787,-2.5463768012512875
2000-06-21,8.824056830494332,-18.83312307305226,-1.7657817959470836,-4.912572905171888
2000-06-22,10.272623942640656,-19.91513339353073,-4.239023056973028,-5.175620189685839
2000-06-23,11.473650553983317,-20.838884711033703,-3.1097341487702144,-4.656337593698823
2000-06-24,11.872589877722028,-21.092359303114666,-3.7693178441371753,-4.128154604092073
2000-06-25,11.350500835532877,-22.282036780967964,-2.7316793433917006,-4.12585161256528
2000-06-26,12.46924539134678,-23.069091240561434,0.012716829379173067,-1.1361070073464097
2000-06-27,13.357636040462259,-22.921633102528887,-2.0799432524548833,-2.1151353313982533
2000-06-28,14.69527610992539,-22.388686777621,-1.299072573855955,-3.497105367198767
2000-06-29,15.05840603453772,-22.481036508686703,-0.6345606008486196,-4.2768662504017785
2000-06-30,16.379799403730892,-22.496364655858944,0.2559756775458514,-5.784593234611585
2000-07-01,15.048698502878997,-22.749773280288778,-0.7412799208735733,-5.637510965578374
2000-07-02,15.42567569564963,-23.488515796135275,-3.56043538280771,-5.372234961187102
2000-07-03,15.472158759280815,-22.864218491295496,-4.3144331222939645,-4.2059375443640015
2000-07-04,14.904743308212675,-25.14747228794353,-3.9391450762473115,-6.37087428606553
2000-07-05,15.084152884507825,-25.918295929234304,-1.8903500820467976,-7.335296218644945
2000-07-06,15.485313286447932,-26.261119098681224,-1.1504529821474323,-6.673182410149517
2000-07-07,16.620315361693876,-25.104642083167903,-0.8861498644787263,-7.9751114038043935
2000-07-08,16.19275884246892,-25.79928774780224,-2.016314473617711,-7.175812878482099
2000-07-09,15.672533015178544,-27.12897104247993,-1.985654708313425,-8.601764925810645
2000-07-10,16.232107340037047,-25.62978350550743,-1.9351967528876275,-8.551775711299095
2000-07-11,16.462005761224496,-25.729591249984715,-0.7416772142992389,-8.554502533911743
2000-07-12,16.274989798341327,-25.23269123351449,0.042776906704135254,-10.125703005449802
2000-07-13,16.0998073154253,-27.09264160398958,-0.8041451717744585,-10.145586592963074
2000-07-14,15.095161837706957,-27.36824698527254,-0.12600402566459457,-9.719001965223663
2000-07-15,15.992062692230768,-28.02890318203466,1.0993625885935154,-8.781903732431376
2000-07-16,15.111866582601978,-26.559195468366106,1.8934738275298022,-8.587785691486213
2000-07-17,13.949874994563892,-25.490035977135232,3.1010729503170684,-8.798816003570284
2000-07-18,14.747323924406567,-23.89661796575763,3.3753896314240595,-11.227317298330817
2000-07-19,14.650547207425953,-23.57647218600879,2.764209536891186,-11.395571040616922
2000-07-20,14.410648517007054,-25.100230902757037,0.6114685425896189,-10.565967541012666
2000-07-21,13.246129689623341,-24.709193742048424,1.7927469477431912,-10.463149039355683
2000-07-22,14.610227401187679,-25.6335322619199,1.9537629056114723,-13.501366884866792
2000-07-23,15.787114160461602,-24.69006726086158,1.0543996545101468,-13.019327346636777
2000-07-24,16.223164217550917,-25.40093977503087,1.644714848166515,-12.456870498086863
2000-07-25,16.982404435047023,-24.64075709407548,2.050276526801168,-12.655110293425912
2000-07-26,17.045370607329982,-24.87922949556488,2.7585096245514427,-12.184762817865797
2000-07-27,15.729966673964856,-26.266348606944135,4.255166413526762,-11.911714458227424
2000-07-28,16.70613012004634,-25.11907069819252,3.238201982185007,-12.599221957604001
2000-07-29,16.361923596968076,-25.50221936799492,5.918602752033845,-12.483945697332889
2000-07-30,17.04327440781121,-25.904289050519957,4.409569402997226,-12.620877705154724
2000-07-31,18.170107165964286,-24.748558402641297,2.5911908270950734,-12.240235951386165
2000-08-01,19.80816845837916,-25.26098096422924,1.829253046152753,-12.62663918800563
2000-08-02,19.95427922179839,-25.00764149097286,0.8478068307292531,-12.436574706109583
2000-08-03,19.14613226401106,-26.43877715123208,2.293001475795663,-12.068333982344006
2000-08-04,19.39199940894836,-27.746243528402914,2.488281050312328,-12.539912750933077
2000-08-05,18.484730050910464,-27.2232947196336,1.0513790242379055,-11.412320175925682
2000-08-06,16.967585004349495,-28.86736769013955,0.10444193379832678,-11.947757561002076
2000-08-07,19.203615947879413,-28.735311984768238,0.39130593462153823,-12.082282097531865
2000-08-08,18.8489669831451,-29.814611546923665,0.043217537913140036,-12.23859226992417
2000-08-09,17.485196442145273,-29.275525905015414,3.2343363237854956,-12.354464253500288
2000-08-10,18.96771823450009,-30.359902713529838,4.92929038151836,-13.036583950785806
2000-08-11,17.55760671429331,-32.1283320129998,4.825868625879693,-14.380546851541736
2000-08-12,17.30135057530637,-31.261590986044048,3.646942552972426,-13.278090571289479
2000-08-13,17.009874232753422,-30.430641760855462,3.5450898792023495,-13.567973573355076
2000-08-14,17.166789203176414,-31.054749707587582,4.262332103122958,-15.4330392630071
2000-08-15,16.37501786932036,-31.786415000953266,4.0204623421415375,-15.641223399577646
2000-08-16,15.972600983598587,-32.207971494736,3.859483130579479,-15.20999409335702
2000-08-17,16.192814717812375,-31.49756505910965,3.2264798754428314,-14.415233700593992
2000-08-18,16.288035417507043,-30.93661965001164,1.4907063707174326,-15.940182714653368
2000-08-19,15.567922733237522,-31.17893533558361,0.8536257954017596,-15.65306188667945
2000-08-20,14.275004738620588,-31.601079387114893,1.2291552969778168,-14.583330661698653
2000-08-21,13.497090034853928,-31.016662644397044,1.5946491753090044,-13.859119509841978
2000-08-22,11.974418259725486,-30.031300581795513,1.314879411606509,-13.224652731607929
2000-08-23,11.624467817806298,-32.27259739841771,0.8266122182992824,-12.660002403282649
2000-08-24,13.476471130006907,-31.74909755606913,1.8491051135571106,-12.651087937138264
2000-08-25,14.232241339907414,-31.42644799138461,3.2280532074060444,-13.082994519563472
2000-08-26,15.006795694105545,-31.10576556674427,3.655320803199127,-12.338763807030794
2000-08-27,15.15602198131361,-29.634527179654043,6.07504909631216,-12.58326405014804
2000-08-28,15.033112274942038,-30.30741239822166,6.27991446804342,-13.454325302399356
2000-08-29,15.989225356762324,-30.478074111103872,8.51092236073089,-12.667496066896954
2000-08-30,17.213728868274984,-28.596230509978785,8.70882784748027,-12.04235052592788
2000-08-31,17.844185310896876,-28.00144954334937,8.246030734065261,-11.0470102115473
2000-09-01,17.14580679917743,-26.00082438925194,7.953743468547057,-10.566388093545651
2000-09-02,18.031083598908392,-27.175991783012513,7.203466726097444,-10.601054470342776
2000-09-03,17.636970408805258,-28.22472501575539,7.997746224247776,-10.14933844620906
2000-09-04,18.47555946081421,-29.529993929768004,8.022932420407425,-10.121502161036984
2000-09-05,18.925104318701052,-30.111775361088718,9.52379866097086,-10.273606860442579
2000-09-06,19.29068756600045,-29.94552643882246,11.864126229646512,-10.621236954783699
2000-09-07,19.385435962466477,-26.664009454567516,12.541019831252145,-11.719290551624338
2000-09-08,20.510199191686198,-26.899355648175092,12.85637310308064,-13.68162600888191
2000-09-09,18.68389500954014,-26.677801868826016,13.229558562681913,-13.639270120161909
2000-09-10,17.740158961152915,-26.17689544492047,15.19007093340507,-13.596069566849247
2000-09-11,17.575018694535785,-25.86239613631775,15.05762199488397,-12.927743516825702
2000-09-12,17.615678929691427,-26.009573774017294,14.421791076259359,-13.547286610978055
2000-09-13,16.805933803285992,-25.641259986760957,14.855261083587619,-13.735164137248159
2000-09-14,17.20621427513674,-25.856711950695804,16.328520259226277,-14.138923775938284
2000-09-15,17.30498067947153,-25.120547278377487,15.886427848697771,-13.974618011634071
2000-09-16,15.957973558755423,-27.113220016688732,15.712747147546331,-14.973802778868587
2000-09-17,16.275495166578477,-28.063597872000997,14.94902850621433,-12.936941226230758
2000-09-18,15.265878920084232,-27.880549951505174,15.944923770070217,-12.686318409318606
2000-09-19,16.911714710316893,-28.3906439730141,14.606482667352461,-14.533304680845266
2000-09-20,16.25044902288956,-28.83396166222965,14.323344985919144,-13.086079514676952
2000-09-21,15.13615928500216,-27.47006632254958,14.67973734202228,-12.01208984287583
2000-09-22,17.70362232850125,-26.84028387552611,14.240100974233632,-14.041918182083903
2000-09-23,17.015453355802492,-26.921643764738903,14.99490609596926,-13.147359221740853
2000-09-24,16.543099019135543,-26.785089776782655,13.971541697453985,-13.448374410429706
2000-09-25,17.577304619432145,-26.654328886097854,13.623485097345974,-13.054036254345407
2000-09-26,17.390835785855533,-26.072568083139267,12.402423186460744,-13.28105410558838
2000-09-27,17.55239022603656,-25.913279086119438,11.663212613861544,-14.744113929599141
2000-09-28,17.042885637584128,-23.682694345196634,11.152732241758525,-12.15359542100142
2000-09-29,17.63374621474081,-23.012921868617106,14.051784143016226,-12.270535875038913
2000-09-30,17.45403653712136,-22.707692755424453,13.627737728033756,-12.608932614534313
2000-10-01,17.836357234849448,-22.173220629302484,13.713344367154876,-12.389064862552104
2000-10-02,17.305611657427406,-20.99068355266417,14.202074590905825,-11.657538170700901
2000-10-03,16.116076616573125,-21.276302643882282,17.301297147720128,-10.248787914836907
2000-10-04,17.47513596132092,-20.934972552001494,15.227152556755726,-10.761800524027008
2000-10-05,17.55984734332452,-21.119340079783154,16.741361119763496,-9.713315297704066
2000-10-06,17.439340400054046,-21.593922660050453,15.954009202428018,-10.185423161894972
2000-10-07,17.119891916186333,-21.18336678993011,15.670136468624506,-11.593651733980971
2000-10-08,18.177283095567926,-21.53551324283722,17.964905236304936,-11.23249608054929
2000-10-09,18.295357347475733,-21.666668449061593,16.8627405616981,-10.972428954876113
2000-10-10,18.32651370552139,-20.19050487954383,15.676066174843674,-13.118814147427043
2000-10-11,18.808796731217004,-19.541036607851435,15.760611775611554,-11.722092578544784
2000-10-12,17.66460562366164,-18.851288165533532,14.99904903509576,-10.10105740419986
2000-10-13,17.602603326371494,-18.27224731559651,13.315440165901208,-10.21505392153674
2000-10-14,19.280330084654555,-18.67615407936098,12.932577549296209,-9.380381340061838
2000-10-15,19.626767115337216,-20.513775216138924,11.015476899852533,-9.555059427490612
2000-10-16,20.693986610123318,-19.17561951810587,11.28746676578752,-10.417994212979037
2000-10-17,19.68507332066354,-19.377433082919428,13.649768466548345,-9.811061665919818
2000-10-18,20.933658371083435,-17.86353749114926,14.863911534658039,-9.832296064205396
2000-10-19,20.303863673247218,-20.519659630773013,14.665303538127395,-10.28759636981909
2000-10-20,18.665013867849343,-19.662175861430985,14.194211644516585,-10.565310164347768
2000-10-21,17.694509216361038,-20.1352057572929,15.051796922925705,-10.943221206241377
2000-10-22,17.769238533324902,-19.546564296867313,13.760443258432735,-10.760654843971444
2000-10-23,16.855323264614135,-19.091613190866262,13.160782973775468,-10.904189985780492
2000-10-24,17.59493713355215,-17.995915798917295,13.321226384324861,-12.273380563451664
2000-10-25,17.434776127922248,-18.62564588128725,12.656259846095894,-12.62789787591254
2000-10-26,16.44374177592137,-17.643524668803256,13.800337539770979,-12.251759999396961
2000-10-27,14.689078431610495,-15.833787203129958,13.170232354156806,-11.467606167548038
2000-10-28,13.683079814339592,-16.80273892551582,11.322338587097374,-10.951851344232171
2000-10-29,15.12109713275564,-18.47363647716892,11.966360574278,-12.079701730805965
2000-10-30,15.464346574639439,-16.31197002717266,13.361410416099988,-12.326636701131182
2000-10-31,15.55241363765071,-16.607369712085934,12.897139332987646,-12.705863564942538
2000-11-01,15.929679228215464,-15.019259229794496,14.73855309618989,-12.890014310085219
2000-11-02,16.40703584863988,-16.115609838014965,15.490918478603025,-14.217869504769258
2000-11-03,15.664457021668666,-18.2782004103771,15.015504655851554,-15.870267825566728
2000-11-04,16.366134114072665,-18.02960572413643,12.084094133461695,-14.223195979547574
2000-11-05,15.865256946667508,-17.779719815941423,11.954729880301302,-13.3512856600922
2000-11-06,16.18581890175899,-17.941178830153355,13.250953032874534,-14.284377940117398
2000-11-07,15.500705094062555,-17.978290733933974,11.29867342114282,-13.676598354345339
2000-11-08,15.437048368624602,-18.46103731678656,13.089269939956825,-13.316129249231626
2000-11-09,14.534993733054835,-18.655189212855305,13.953495611652029,-15.101876601533732
2000-11-10,14.178694599829447,-17.636193217842983,14.752286703930212,-16.218199150474348
2000-11-11,15.275409131475648,-17.696032509355174,13.697566283031357,-16.897796428838966
2000-11-12,14.941589550105972,-17.848632833408985,14.390221422524425,-16.101388781250634
2000-11-13,15.974697027339595,-18.825728148365087,12.764383269562963,-16.766245448163836
2000-11-14,16.139403881851536,-19.374695857934146,13.688927161439667,-17.165393716927603
2000-11-15,17.13064851362173,-17.804831576916147,14.023978428883288,-14.365465473636725
2000-11-16,18.13339574209571,-18.37679064448014,13.238440169039388,-13.605751958799718
2000-11-17,17.911837111234046,-17.576679573553864,12.070758817178866,-14.064194733267277
2000-11-18,18.430695380422495,-19.330874648120037,13.011261272042434,-13.23677176707603
2000-11-19,18.193774780705244,-18.941336754839018,13.297208507293394,-14.588983312779593
2000-11-20,16.878327063172566,-20.308882665961786,14.23975681482089,-13.218258183144354
2000-11-21,15.85047526958497,-20.837461345322094,14.716408008863823,-12.231451375557047
2000-11-22,16.660426736653324,-21.836783222831674,15.070418957267659,-11.576964659791441
2000-11-23,17.545323354001308,-22.447932069921325,16.225528017123082,-11.89034728019167
2000-11-24,17.576146872001207,-22.60763261476027,15.297429039041187,-10.560243973232883
2000-11-25,17.99206551851938,-22.487125751184905,15.307258269287601,-10.938695621361092
2000-11-26,18.043474880080325,-23.580739270907213,16.268435279405256,-9.776976163659773
2000-11-27,18.713937313541173,-21.321068361831514,15.802260164505144,-10.253425227853118
2000-11-28,19.34525037658125,-21.59179485438141,14.332775787651142,-10.183270358119618
2000-11-29,19.35100746133226,-23.13919379313085,14.876348305008374,-8.503901024744318
2000-11-30,17.763955194515773,-23.951468581406232,14.217546415769558,-9.49377867718271
2000-12-01,19.980533854481443,-24.495651326709933,13.586774082669859,-7.952026519386983
2000-12-02,19.12408732369562,-23.49279342037014,15.211923083740698,-9.59379001310284
2000-12-03,18.1651200111434,-23.190642248323627,13.54589823917133,-10.050017486152003
2000-12-04,18.096099313737287,-22.837879736985403,11.406676869127926,-9.58051628095198
2000-12-05,18.69672720401144,-20.80412641540313,11.03138568357232,-9.640977995813616
2000-12-06,19.23032184321284,-20.920361517331465,9.991113263191409,-8.844474338139168
2000-12-07,20.201811757510352,-19.678223720870967,9.341342414578797,-8.995815480945145
2000-12-08,18.489170582700392,-19.96397107692108,9.654573015205397,-9.898207578403627
2000-12-09,18.14856993607071,-19.46452320886622,9.077749111782293,-11.45397569321656
2000-12-10,17.331419343011564,-19.264006153335576,9.797511543462646,-11.512050165680904
2000-12-11,17.045254747414887,-17.60905835769401,9.943066843583413,-11.558244227931802
2000-12-12,17.28030672599798,-16.425597278868672,10.232059995373962,-10.867992098156266
2000-12-13,16.048779710873323,-18.94535949390944,10.222458900416747,-11.374473719054889
2000-12-14,17.303261458828793,-18.51848324838876,10.667169280137944,-9.805583299839457
2000-12-15,18.257320728055994,-18.086782747576642,8.586357296430831,-9.651506078419018
2000-12-16,17.374493402316006,-18.84791456161382,8.140613326577869,-9.493082853079857
2000-12-17,15.731600023831383,-17.976226484803544,7.267295922272441,-10.695525660613646
2000-12-18,16.582393297015404,-17.100486895972242,8.033739846516593,-10.45688438533217
2000-12-19,17.408159227726017,-17.408046764514687,6.631453243922218,-10.333789077056808
2000-12-20,15.35484617303294,-15.447739060772768,6.52663101376749,-9.178065372594741
2000-12-21,16.575271644015135,-15.227385707433834,6.459705121741294,-9.562619117417505
2000-12-22,17.064618350300833,-14.250915123754313,7.066828666769677,-10.825133674466144
2000-12-23,17.40758428281783,-13.614485077614198,7.516164196736204,-11.294225731455276
2000-12-24,18.031095081940432,-12.703280488932263,7.237274632409989,-10.123954303216982
2000-12-25,19.213804652204644,-12.709607716283399,8.415404665637803,-8.980053520679613
2000-12-26,21.37966013069711,-12.723223936348461,8.024235908717323,-7.881314552381291
2000-12-27,21.134867197490276,-11.911398340606596,8.14486319886919,-8.174025121947574
2000-12-28,21.424826311337196,-12.484278442315297,7.423265826588231,-8.386698029132196
2000-12-29,19.904050611536587,-11.815271791191739,6.3325726876163,-7.857447137021358
2000-12-30,19.410266603365898,-11.040050308334202,5.9564923117338004,-6.710829058570375
2000-12-31,22.304210683066987,-14.004424204036246,5.487805472209233,-4.861297700145164
2001-01-01,21.709660044820893,-15.118168053479355,5.006505927911344,-6.04837370074333
2001-01-02,21.360189377752672,-14.63220521506049,5.512653842844828,-6.314686426929417
2001-01-03,21.275986278470715,-13.230947924192472,5.967881221495489,-5.868568364787603
2001-01-04,21.02774399829423,-12.102418623216781,7.153337483817461,-6.683067516530062
2001-01-05,21.868872618047426,-10.811001026970198,6.654952614440189,-4.896440679131073
2001-01-06,20.98652691171226,-11.125325810981689,6.962889082490604,-4.488367152911856
2001-01-07,21.333908106119704,-9.927190430087453,5.643134000014836,-4.474363844701094
2001-01-08,20.829380298714884,-9.44528477148854,5.3451618896519815,-5.366833803329224
2001-01-09,22.585433974943456,-10.375346887750787,5.657031540393853,-4.50846719491161
2001-01-10,21.570471848860453,-10.201284786964179,6.718106194771733,-5.992316043371372
2001-01-11,20.439784601181735,-11.072283295803174,7.634179011265874,-6.925808760184365
2001-01-12,19.269662105668726,-11.16677102705905,7.6010782672532,-7.9834183957720946
2001-01-13,18.707950900150873,-12.004030590845279,7.493236283038065,-7.487009177562385
2001-01-14,19.855167528936274,-12.38053514568105,5.964489243559193,-7.56847478973831
2001-01-15,19.520817562031123,-12.673060712648473,5.428850701507166,-7.752740311395623
2001-01-16,19.520078953017876,-12.08719933538653,5.964729049994191,-7.283277601367035
2001-01-17,19.297768533730174,-11.718697856572062,5.842459712620569,-6.701172929326482
2001-01-18,18.867509769321423,-12.734933828653991,6.992616900101196,-7.74933935441997
2001-01-19,18.209537298239056,-12.296733415512799,6.419756032293339,-7.242052932742804
2001-01-20,18.12359563613801,-13.165127869428682,7.866462840293626,-6.834334236715339
2001-01-21,16.373252254264024,-15.642970471584393,6.786162047481026,-7.630305312454391
2001-01-22,16.509479744225644,-14.854161023906718,7.3084098152790675,-7.620750757528487
2001-01-23,16.208129669342753,-15.183670945429826,6.027213307788628,-5.5849947213510305
2001-01-24,14.171567643252486,-16.919423238921837,5.882434908123955,-8.054598950193947
2001-01-25,13.658175773847116,-15.772423733760402,6.078841449002111,-8.541203303229844
2001-01-26,15.451527531670799,-15.258564041504155,5.079997444077443,-8.67972602006828
2001-01-27,16.229225808383806,-13.764556855506871,5.082929744909362,-8.313624938289308
2001-01-28,17.25080169192326,-13.663112601396604,4.022598203132805,-9.04404970850682
2001-01-29,16.340317018291675,-13.645989554704565,2.2539665818595838,-8.76174825604274
2001-01-30,16.229106778361466,-11.193147733457831,1.8946403724833678,-9.37812957150033
2001-01-31,18.09950917149899,-11.673492846804299,1.9593694480624084,-9.532268151236298
2001-02-01,17.775365097276712,-10.926508832049283,1.513370656080721,-8.25072798559274
2001-02-02,17.178193947348856,-13.649998164603861,1.9949793399204043,-8.52623580959674
2001-02-03,17.167816913901174,-12.953106109522638,1.4899634395914392,-9.345727732874497
2001-02-04,16.433494334390847,-13.496811977976341,0.5468071256272924,-10.108405982306172
2001-02-05,16.189884416419503,-11.848578838789487,0.17703315428780758,-9.178699366223286
2001-02-06,15.575348966791536,-10.83309333343268,0.7182063957578719,-8.432588662128175
2001-02-07,15.239009357532574,-10.19841802874594,1.5276341865507579,-11.266583925578871
2001-02-08,14.667108959009212,-10.365677387370424,2.0489890349724442,-11.189059530866132
2001-02-09,13.79374582278284,-11.0758099152765,1.750064211596654,-11.123659151892877
2001-02-10,13.680837524551139,-12.366095796779529,2.744465293165179,-10.418611954381218
2001-02-11,14.686989127818777,-12.498251091734241,2.972775157620765,-9.584685811508766
2001-02-12,14.038511460046013,-12.885271256337516,3.3342361341280835,-9.989950128602068
2001-02-13,10.946287070268685,-12.095934713323715,1.986542671167426,-11.086792829955497
2001-02-14,10.368774678524955,-11.531170074355353,4.1914928974666115,-10.838207316372781
2001-02-15,10.17835265850204,-11.675942088584257,3.692038760155165,-11.450742939717099
2001-02-16,9.550145400473195,-11.162999824168217,3.9161788451051107,-11.844668745978124
2001-02-17,9.629192661963199,-10.182314076990862,3.5883001217207493,-11.68716356597941
2001-02-18,10.675628553981538,-10.285395176718733,3.452963061759956,-10.397245988040185
2001-02-19,12.33411802346148,-12.128397553274175,1.9942605576342813,-11.258410055005188
2001-02-20,10.094925424210501,-11.35048686148746,1.0848305902007753,-11.811646205098796
2001-02-21,8.767367633800575,-12.480922614166946,-0.10465670379288361,-9.871535279401098
2001-02-22,9.371334837691798,-12.035681390650156,0.9547412260396673,-11.405153800859349
2001-02-23,8.192055434049376,-12.94767476064684,0.06880795875175982,-10.831371918810962
2001-02-24,8.086360398658917,-12.106648880836321,-1.782498753885587,-11.293309942394746
2001-02-25,10.324931326567029,-11.877410814432887,-2.3799004471600114,-12.563910588709334
2001-02-26,9.16342910097107,-11.042770960340507,-2.870193616333776,-13.220558128092863
2001-02-27,9.328854920688276,-10.759615951627904,-2.6141586379466837,-12.390817026304436
2001-02-28,9.537150875135179,-12.639345403844338,-2.562055605428367,-13.88210203059382
2001-03-01,9.928371279190586,-13.563153424435367,-3.15067908778986,-14.3437960925583
2001-03-02,8.256236194446052,-13.82935467145691,-4.043380886238809,-14.641598956950078
2001-03-03,7.923434802995763,-14.346295207405728,-4.445614696062021,-15.381637687726132
2001-03-04,6.656843906409342,-15.484216649190012,-5.286296449723118,-14.981043559235669
2001-03-05,5.392846374557772,-16.00513844607734,-4.62219844935819,-14.998696520713809
2001-03-06,5.597548259638928,-17.015012528124913,-3.7354159923681958,-17.690656522552093
2001-03-07,6.5252607119859345,-16.92655843739381,-2.266946993155353,-19.472133395495636
2001-03-08,7.3186256829255605,-17.560472626919584,-4.638550991177994,-19.379962699728164
2001-03-09,7.798378342348245,-16.17568345915769,-4.517256592128548,-20.40826728225285
2001-03-10,4.769792396054509,-17.082424810106104,-4.555913948881281,-21.619474523710434
2001-03-11,3.2542561998339914,-16.55947975983584,-4.72530651373925,-21.131141746949176
2001-03-12,4.342196484295783,-18.003179503689122,-4.603703317999936,-19.91652879586881
2001-03-13,5.3957653048067815,-18.115825894912827,-3.7188932877818477,-20.74245327633895
2001-03-14,5.085211509751679,-19.992867516116426,-3.426134823019678,-20.100512790086785
2001-03-15,3.703615805047599,-19.1907806098973,-1.7128073215740396,-18.99867971210764
2001-03-16,2.7709033461352073,-19.386992477922256,-0.9058866038080355,-17.851697238273236
2001-03-17,1.0190254966543746,-18.220724311431674,-0.4401955159436107,-19.052385550804953
2001-03-18,1.8635115141708798,-18.44749767434869,-1.2060086168917712,-21.27415852394719
2001-03-19,0.9785716518021068,-15.863910182852187,-2.245956592320053,-22.48514072365682
2001-03-20,1.5935400391466836,-17.335735722897205,-0.6353395464878027,-22.526703802135906
2001-03-21,0.5055043094534248,-16.35219998404465,-2.41318712959046,-24.909233376326245
2001-03-22,1.0671019197922007,-15.28884215309909,-2.488199114117323,-25.47526877103745
2001-03-23,1.0710689133386406,-14.975160119592983,-0.763498059676549,-25.633954322800832
2001-03-24,2.0946100992531997,-16.35112043998742,-0.30531761948130737,-26.636679390684833
2001-03-25,2.7414889666051225,-15.597266714594964,0.7097425192907696,-27.373820919384674
2001-03-26,2.7144048293732994,-18.94974409418316,0.7823616597849324,-26.651462415253807
2001-03-27,3.2223879625139773,-17.549480979112076,2.338344246083844,-27.44624630205005
2001-03-28,2.3547876561779226,-17.482348529666265,1.3314662263098818,-28.639711004197032
2001-03-29,2.201366993073772,-18.16656977086018,1.3500456566631318,-27.391231465610634
2001-03-30,2.963450184249635,-18.85361318412326,0.18453244358854004,-25.74925582240654
2001-03-31,4.484275415116307,-19.91154232949176,0.28226336191456447,-23.860601428425987
2001-04-01,4.465364137521069,-19.945314449596403,-0.6284293692689646,-25.223014479466844
2001-04-02,4.9027482635174335,-18.68656143186329,-0.6294599288132736,-23.348147945638793
2001-04-03,4.014176198612259,-19.301560512918748,-1.7665667011799375,-21.79623780046005
2001-04-04,4.981204435113394,-18.34141034985502,-3.0500664358666865,-22.057779885532945
2001-04-05,5.617344704424329,-17.845764436281396,-2.9181764319800334,-23.070920014092184
2001-04-06,5.9272401310862834,-18.725850400713696,-4.2904224646881755,-23.09741933889314
2001-04-07,6.941777589594181,-18.579492277738016,-2.873809715263471,-23.257831736834042
2001-04-08,5.89823827396883,-17.787787507868874,-2.4383484141375815,-23.059990005035974
2001-04-09,6.996327324797345,-17.59087883194683,-4.803415321546554,-24.17258052279136
2001-04-10,7.494060355168873,-17.072170427557435,-5.991661407133105,-22.63161345476103
2001-04-11,8.532001106578416,-15.91436979637702,-6.146806261970665,-23.877068155747555
2001-04-12,7.813232884704862,-14.364138001904443,-4.246938136058326,-24.344302841913333
2001-04-13,8.216917601888095,-17.05753402761047,-4.176228702759559,-23.80427415146358
2001-04-14,8.452987119139152,-17.70038191352618,-5.041054007940611,-23.006771405827823
2001-04-15,8.745750833237388,-18.641387577481787,-4.088116611300441,-22.134099661426497
2001-04-16,10.944991925188885,-17.26552009581165,-4.065988650354537,-23.858429785596325
2001-04-17,12.809246186106606,-15.936987570544602,-3.4309748183610935,-23.08516975861969
2001-04-18,12.196224231543507,-16.674434867237032,-1.7020505751812962,-23.288393139326466
2001-04-19,11.05105014237449,-15.888074512850771,-2.9600915176359193,-23.994718333629148
2001-04-20,11.378548013854981,-14.391387002686354,-2.828223257549089,-24.966385550205136
2001-04-21,11.794027536075628,-15.01477132089105,-3.0999899210443123,-25.21248209531626
2001-04-22,12.667727964885671,-14.564509961454023,-2.3611643521884744,-25.01507295431865
2001-04-23,10.927680417369883,-13.781916559967856,-0.10159012575050141,-24.447813402149965
2001-04-24,10.909739324012397,-12.596740763294235,-0.2919671025677689,-25.45041847544996
2001-04-25,10.117152889598344,-12.186821393921708,-1.6622525162919612,-26.126435411215162
2001-04-26,10.936223779211941,-11.448663178642441,-3.660995825372661,-23.296399816527572
2001-04-27,9.824337218875604,-11.173067439530724,-3.9054275043821556,-23.150594307960162
2001-04-28,9.395769965857218,-12.270052509013821,-4.950952860650633,-24.4803367534929
2001-04-29,10.20724150555055,-10.358588296294053,-6.209939889480544,-24.978801048765842
2001-04-30,10.458208916578707,-9.941086155355698,-7.388225014841178,-25.205052818587472
2001-05-01,9.7798074251109,-10.778340882327676,-8.648026207509272,-25.217300670540872
2001-05-02,10.965938658794379,-11.616673375602693,-8.302906212211843,-24.229529731341994
2001-05-03,11.067006201334062,-13.244758547494685,-9.947398517012454,-26.37173413555569
2001-05-04,11.48511817263061,-15.131706759373165,-8.60953610340309,-25.819431215737435
2001-05-05,8.953650899956724,-18.910662020519478,-8.17870067436557,-27.937702439201672
2001-05-06,9.097570707265332,-17.39527372744674,-9.29807209806306,-29.74710519529846
2001-05-07,8.256062638301545,-16.66210843712759,-7.94089882876629,-27.310011687022325
2001-05-08,9.083911815272435,-18.238906801288856,-9.421596953122597,-26.86688204825253
2001-05-09,8.449643659916077,-18.847364520228144,-9.091188501168608,-27.31794775574601
2001-05-10,8.420952301940083,-19.807005422431065,-8.034476348821524,-27.67843252533267
2001-05-11,7.82360526742133,-20.111685907929406,-7.998010925059309,-27.33168681975557
2001-05-12,7.77434563928013,-18.784460982867575,-7.660565614547895,-26.376533648879537
2001-05-13,7.71786348288595,-16.375848702581973,-9.147851713685407,-24.78954648596926
2001-05-14,9.61066839455119,-15.774471416888584,-9.239746431352618,-25.62352338564054
2001-05-15,9.445381216129716,-13.517779533677157,-8.924673324963033,-25.403098039341682
2001-05-16,10.580814392120612,-14.013230288892997,-8.727474382088298,-24.294233776919175
2001-05-17,9.329188933479047,-15.02100105095378,-7.7639596331844425,-24.722515892746607
2001-05-18,10.031619534336004,-16.51574759013433,-9.297507984254096,-23.63417082076382
2001-05-19,10.716830608703106,-16.245091598562304,-10.172653561760391,-22.13842285574124
2001-05-20,11.951217867230492,-16.191836571570946,-9.04612060547397,-23.11752241293048
2001-05-21,10.29857324875956,-16.107830883055325,-9.189428149869876,-22.62331611969048
2001-05-22,10.10617010826321,-17.330614790280734,-7.435022582377096,-22.49035211240201
2001-05-23,8.691546566101627,-16.55221749529636,-6.59656991586214,-21.962865550277346
2001-05-24,9.367018449805208,-16.16969072111214,-6.684530428882102,-23.31991648538523
2001-05-25,9.616574070060741,-13.88373952190561,-6.435453956077792,-22.91207762093109
2001-05-26,10.769135061053799,-15.379884088913236,-5.523041806857414,-22.07832420366211
2001-05-27,11.372284671102028,-14.58870846962844,-5.734301736976836,-20.81636621924408
2001-05-28,10.267196374713688,-15.363917452957459,-5.271898111629919,-19.91084965848812
2001-05-29,10.183916739086362,-14.568886686018013,-3.7511007888447363,-19.398147729046126
2001-05-30,10.18961457041753,-16.84926465634064,-4.054989127880405,-19.521629068165627
2001-05-31,10.11111442038274,-15.420640601810943,-3.869778031292342,-19.66103433010524
2001-06-01,8.915279465634162,-17.09724446183271,-4.3971987656017095,-19.757773844216683
2001-06-02,7.7250194765178986,-16.368654347721087,-7.076094016914139,-19.288740616161817
2001-06-03,8.164880008630393,-15.93174136234382,-7.21963255809312,-19.93297063871768
2001-06-04,7.681234600800037,-14.498567882160401,-6.292388954497803,-19.55732012691316
2001-06-05,8.180857835107114,-15.380839114550735,-5.9918419102727825,-18.109216396411433
2001-06-06,7.815553643922396,-14.752493038581784,-5.744881284339382,-18.00377898110523
2001-06-07,6.920988508398359,-15.12925300960998,-4.04185805177907,-18.006675437119892
2001-06-08,5.743025453519213,-14.979654919877804,-4.717424586867397,-17.262840373057738
2001-06-09,5.2317222210752306,-15.584679433542622,-5.035275014804995,-16.399701238413652
2001-06-10,3.8529834761069948,-16.159207950322582,-4.552696648569108,-15.966084308146108
2001-06-11,3.395881342958486,-17.92245289951233,-5.244753253463721,-14.67756997435383
2001-06-12,2.272975091022194,-18.14328417715738,-4.735699078578369,-14.600246952662145
2001-06-13,2.5954737276330526,-18.946803591744306,-3.9661391508856467,-15.035637186414746
2001-06-14,2.0880923947935814,-17.777724622709908,-4.33683076238335,-16.091722550432394
2001-06-15,1.0064628761204792,-17.90650322988592,-6.211930329208026,-16.388464442137533
2001-06-16,1.3237349678706989,-17.97925755582098,-4.916227759089198,-16.596910509728218
2001-06-17,1.8193251371951233,-17.11383782557464,-4.896657121411643,-17.786976728375844
2001-06-18,2.4629140289097817,-17.959814116284438,-5.05964928860293,-16.00944440005374
2001-06-19,2.176178013256332,-18.1329036453679,-6.295529543911211,-16.820040401449212
2001-06-20,4.028143138808662,-18.15410444879914,-5.228587050459691,-15.494961229993326
2001-06-21,2.7112783522536317,-18.60590930671255,-7.249719329775624,-15.73896436427967
2001-06-22,3.820116700934305,-18.032015031913627,-9.285085652297445,-16.726359183243545
2001-06-23,5.499431939904367,-17.95240819645567,-8.299793734944803,-17.312385941665045
2001-06-24,6.695134476106411,-18.647589178867445,-8.07495001394458,-17.388192448261428
2001-06-25,6.9537125111494085,-17.969623131018157,-8.922176410792575,-16.646499285294617
2001-06-26,5.503996377464978,-19.26679650554557,-8.711529544694644,-17.71813333685261
2001-06-27,6.01101939785048,-19.574451532511965,-7.442936196500707,-17.337615073995654
2001-06-28,5.310549467094461,-19.087518248159995,-7.414999842729501,-17.96921275645062
2001-06-29,3.820035951349097,-18.476733089310837,-7.8410115504255495,-16.971299680207842
2001-06-30,2.2068664751924407,-17.900700202438934,-7.581278987910677,-16.724502230533545
2001-07-01,2.0169867637119268,-18.200533455294845,-7.894032849994245,-18.143873586102085
2001-07-02,3.4784468743058357,-17.82114361218509,-6.952758735958039,-17.75277190898781
2001-07-03,2.654160600115651,-17.78729194352855,-5.3748143908263115,-18.47199364430428
2001-07-04,3.201947762370455,-17.661465372547028,-6.337432064544854,-18.405299242616643
2001-07-05,3.301574993722977,-16.976623487649128,-3.9439318919456348,-17.043309812057803
2001-07-06,0.7732106368245848,-16.396114820266273,-4.920762674633542,-17.27934553049298
2001-07-07,1.2787301743896604,-17.012309487961947,-3.3896411403930062,-18.164696119405143
2001-07-08,1.8290498014049668,-18.17328063742364,-3.093516922864242,-18.2569185956186
2001-07-09,3.161983181392472,-17.223419220170396,-2.7583696141401486,-18.025906803875273
2001-07-10,2.932983159325357,-15.126542522043502,-2.15466857598308,-17.703532417119963
2001-07-11,2.4900420062895607,-14.88380158909779,-2.5168883714811274,-17.73192697065376
2001-07-12,2.124205897341623,-14.585338509197625,-3.9170627199600005,-17.370668388590637
2001-07-13,2.531095402674622,-13.312996554497909,-4.044853216044031,-17.4119267461633
2001-07-14,4.17732716267647,-13.670611538949323,-4.7189768534918155,-16.77662303715227
2001-07-15,5.096607316497902,-12.040736632227304,-5.219061595956868,-18.24225824575607
2001-07-16,5.23193539662202,-13.29394937633481,-5.2173514088101856,-17.510061348127525
2001-07-17,5.517106592694414,-12.996237149811286,-3.717395336239453,-16.04688205066736
2001-07-18,4.970633413233701,-12.22593590361903,-3.777474594313816,-15.824574042122103
2001-07-19,6.351101512720768,-12.342697143449463,-3.1669176417345306,-15.96595412346279
2001-07-20,5.48177744972501,-12.522406950098228,-2.3892232484349476,-15.421225701851172
2001-07-21,5.617306378651312,-12.18842692205976,-3.110804059589008,-14.587466317191836
2001-07-22,4.782600937646589,-9.968856089053093,-3.5549791740876477,-14.06304530876022
2001-07-23,6.3553628090796295,-10.872758015860255,-1.7894815659124554,-14.509882245721023
2001-07-24,6.071696953296618,-9.455192603484353,-3.272120378132584,-13.461043549612732
2001-07-25,7.883162429352238,-9.200993107858077,-2.795539685416642,-12.544764567207153
2001-07-26,8.353404834874821,-9.884673671849471,-2.1605525232246543,-13.166537137703349
2001-07-27,8.781905950998377,-10.206477182487069,-1.763286408754327,-14.927093445547158
2001-07-28,10.475424859082331,-9.748287626947162,-1.5399239107981657,-14.862970206411635
2001-07-29,10.584770207107951,-9.873402290330104,0.24465891732732303,-15.669191730526995
2001-07-30,11.567108784557453,-8.544071505485869,0.6131745365275986,-15.524341622437436
2001-07-31,11.47894809312801,-8.697614162709291,0.42429226434130696,-15.69178466469282
2001-08-01,12.712767709519888,-7.397957268616198,0.24315950492859326,-15.406910245148088
2001-08-02,12.380568067371764,-6.757001395041412,0.464729218143501,-14.441190155696626
2001-08-03,12.409893371112203,-5.635084674640208,0.7807121618031732,-13.557224886086809
2001-08-04,12.039456557773544,-5.092573029155983,-0.38246609154064815,-13.362679869868021
2001-08-05,11.92572229226193,-4.861718438953716,-2.4309145291872936,-13.620414101809992
2001-08-06,11.212471941705342,-4.439347823927593,-2.287711728328028,-13.218668034002167
2001-08-07,11.41910534325614,-4.424730770057438,-4.237696475931857,-13.702645090491073
2001-08-08,9.372257252779194,-4.901173970870341,-4.658664313458281,-11.67156433063647
2001-08-09,8.698062087709232,-6.3084004342295135,-4.03217347593684,-11.675180362041734
2001-08-10,7.842391587064504,-6.149688490638574,-2.594357262084369,-12.867500405301952
2001-08-11,7.2470959927123415,-7.261447543974299,-2.6553955199715866,-12.206591352384974
2001-08-12,7.027611449207245,-7.474377291372474,-3.4155199981346374,-12.816566473115625
2001-08-13,6.876851476282626,-5.5019286069914966,-2.7465538471263597,-12.715199054825685
2001-08-14,7.214701556447927,-5.504345599902335,-3.7106421453909704,-11.916953684498315
2001-08-15,8.054068920175935,-4.788675979763264,-3.318982703172976,-11.1760134637367
2001-08-16,7.877605850212358,-5.688049761643082,-4.120525838526543,-12.444778511737825
2001-08-17,7.805693048423099,-5.313658350787028,-5.2817824540681135,-12.081668345394005
2001-08-18,6.952445470854511,-5.181501685568613,-4.752334775009593,-8.81089159407895
2001-08-19,6.879342532858853,-5.987921854002212,-4.754326413279528,-9.467146931286026
2001-08-20,5.897834164211044,-4.502868635047376,-4.133023890699689,-9.714985696707924
2001-08-21,6.032794046906296,-2.2559154211638117,-5.044562204569284,-9.230751246643035
2001-08-22,7.356735368562536,-0.9788778489914294,-6.478965580728156,-10.244618206042068
2001-08-23,8.234339850964954,-1.0947271960032698,-5.9961390498886065,-12.130695052699423
2001-08-24,9.47827202080351,0.690755740622722,-4.93181898994098,-13.339782402691322
2001-08-25,9.516448085062596,0.9130100686052856,-5.124415023707588,-13.758653507262864
2001-08-26,9.400974627015156,0.5327979312814423,-4.847536878981218,-12.848408067333215
2001-08-27,10.050695683656851,1.5863873669409587,-3.5576330360800514,-13.17901993258315
2001-08-28,10.033287639574992,0.06496689837281955,-3.038486371513165,-12.861847680322278
2001-08-29,8.536048558163394,0.5357205267054415,-3.0858614162408546,-13.266632428431436
2001-08-30,7.4527426063835875,0.6906659517697575,-3.336300236696507,-13.369029367826016
2001-08-31,6.2102396814588205,0.15585658684882253,-2.841135365321679,-13.829661992071776
2001-09-01,5.310787877085525,-0.4831133983594307,-2.737891876405662,-15.22562939493717
2001-09-02,5.934766241208666,0.5859641058695233,-2.222278766665123,-15.377142650827164
2001-09-03,4.736727476847145,0.6266605651172521,-2.201556004343059,-15.376914486415334
2001-09-04,3.8793361013509085,-0.06896865393548701,-1.9761595388838902,-15.335128190431245
2001-09-05,5.74345789005851,0.18880808200231086,-2.012860054005399,-16.315863868078317
2001-09-06,5.376250561107416,-0.6628523242776045,-1.9981461366691156,-15.645245529682642
2001-09-07,4.201300030794213,-0.32778934581127517,-0.2704585926539982,-15.466892775757238
2001-09-08,4.676804147989728,-0.18692466895699456,-1.3048926839474189,-14.548599518217674
2001-09-09,4.338115687668581,0.7181083120273661,-0.49383529228849987,-14.824897024121851
2001-09-10,4.350993918160667,1.26554748517222,-0.01609537884583523,-14.689318279982475
2001-09-11,5.864707496369398,0.4522417882994507,-1.5196885337942905,-14.351107265033143
2001-09-12,5.594123342072067,0.924597238218386,-1.8279930546645295,-14.335744900242776
2001-09-13,4.461259405840615,1.7184122427891575,-0.9694433922780824,-14.032917932728019
2001-09-14,5.29727123693948,1.8563946780754554,-0.7793942184210526,-15.426281719661482
2001-09-15,5.216637854846068,1.3681583980369016,-1.0315607310813255,-16.778529329313123
2001-09-16,5.779682197958497,0.9700010645629273,-2.2441790984011583,-15.519040398685323
2001-09-17,6.182808732877679,0.6752598114084467,-2.8835837153420876,-16.419660321407218
2001-09-18,6.945406080645266,-0.798376733530866,-2.86983967733255,-16.97354347667727
2001-09-19,9.058327137679424,0.7052855865588055,-3.6865117885693017,-17.82828335533557
2001-09-20,9.814488085262752,1.4561213395238117,-4.013703115593551,-17.92365174213138
2001-09-21,10.392750963216038,2.4147943586334524,-7.165344513075835,-16.301681052758678
2001-09-22,11.840418917765149,2.903445349308728,-7.815384541079171,-16.122073594907906
2001-09-23,10.689923336669644,4.244063911537486,-9.142583253383847,-15.605880672611281
2001-09-24,10.55964325662702,4.08331829667426,-10.013634115935007,-15.233986092866912
2001-09-25,11.337987905328518,3.4374558004230695,-9.182005290822472,-13.761584746564177
2001-09-26,11.306628938622493,4.535884206571616,-7.533070319438222,-12.90378805928341
2001-09-27,11.827064730541222,3.368435327217391,-7.809959674117817,-12.71322865850743
2001-09-28,12.281253323068483,2.3868130517580965,-8.54983035014649,-13.539768458986018
2001-09-29,10.38716051171531,2.647052719338407,-9.098575461769443,-13.552752142307806
2001-09-30,12.159392441934864,-0.052119571484485316,-8.537959763992843,-14.472318748070192
2001-10-01,12.021487275642345,-0.7387129326419568,-7.3628093379335935,-14.533626704702765
2001-10-02,11.496719061790639,0.3207866231135301,-5.680708140671431,-14.14214839888638
2001-10-03,10.674232201650106,-0.9516840462375804,-6.0438739565408435,-14.974972764171744
2001-10-04,10.276167225397586,-2.1311257227776537,-6.155353149461231,-16.49231978683553
2001-10-05,11.577697318818476,-0.5591680449267595,-5.948641501040306,-15.66415976397241
2001-10-06,9.791196789388632,0.0786708580337715,-5.123396521948466,-15.655211569005518
2001-10-07,9.358537034621163,-0.1287262778123839,-3.5995088669009565,-16.855671476064423
2001-10-08,8.457124289880191,-1.378679547857289,-2.8950500438145834,-18.70003156965296
2001-10-09,10.41444172025329,-1.5975415935337764,-3.1630839900841528,-17.01182321049973
2001-10-10,9.739086207682554,0.08935197763318214,-4.262589701415184,-17.523698510039324
2001-10-11,9.194204774426613,-0.6789859671070004,-4.725228083528289,-18.355760646428855
2001-10-12,7.56844230507802,-0.6782187928812702,-3.8316051262663793,-19.489159707811798
2001-10-13,8.558746475959172,0.7211522085769868,-3.8649183621518484,-19.287202693762907
2001-10-14,11.204793643806866,3.0789216260819194,-3.5307551348189676,-19.90702693868729
2001-10-15,10.644758808722871,3.904844319409554,-1.1823237441087944,-21.943285231532844
2001-10-16,9.728818306869274,3.616974941890023,0.10068320368639072,-22.471599172636637
2001-10-17,11.352425766603373,2.149901693759482,-0.7011855299297052,-21.50448666795736
2001-10-18,10.605695286161303,0.02488723748925592,-1.920106643573345,-21.043048399225338
2001-10-19,10.97177631724441,0.21712560635802297,-2.0880778544658796,-19.307328544194938
2001-10-20,10.45081926444152,0.5734867591172386,-2.453749687047025,-19.103650726707258
2001-10-21,11.057976341914461,0.465958075865024,-1.5057231394103585,-19.083350964878413
2001-10-22,10.685547982734839,-0.07594921305150326,-2.2445373908524733,-19.525682022216557
2001-10-23,9.783835906840276,-0.04203639372720202,-1.5466478616901596,-19.141072472213217
2001-10-24,9.35044569147024,1.3091121859080288,-0.7872646988419815,-18.721359627404844
2001-10-25,8.509155602461101,3.41232852344201,-0.4759200876015049,-18.224386642593846
2001-10-26,8.171557243514183,2.314843369176208,-0.30423993342024713,-17.042298255073003
2001-10-27,8.68461294490791,2.323111699917761,0.3743068352070201,-17.069184975266513
2001-10-28,8.179753709723547,4.08316914616787,0.8004176743891708,-19.34272399463319
2001-10-29,8.508822612433317,5.098275309629704,0.2945735719603143,-18.18915586928586
2001-10-30,9.301219184260901,3.8812588766523444,-0.22474164655814366,-17.71258173082599
2001-10-31,9.677756594242135,3.1678253190420493,0.3651497399106892,-18.80931445917644
2001-11-01,11.130987006781414,0.5827680316140618,1.2621714095986607,-19.219383692849977
2001-11-02,11.490590704048977,0.692609008878724,0.4379025313066709,-20.311343973330793
2001-11-03,10.95571084100079,1.076904810979698,-0.06162361359769419,-21.266262732242286
2001-11-04,10.764834627437416,2.066983852381785,1.3569352547626345,-21.302895099021164
2001-11-05,9.61602888502951,2.436562049633429,0.9998908661806538,-22.764851883167417
2001-11-06,10.59957159634897,3.7902788533166856,-0.6230704156739715,-23.76688689840075
2001-11-07,11.812638511733887,2.1838000394166857,-0.8860872452034787,-23.132555615689917
2001-11-08,11.898460421194553,1.397872281082928,-2.238671068870568,-23.86895473936447
2001-11-09,11.74664234130082,1.751471898066331,-1.7297257784861002,-23.364186195952925
2001-11-10,11.549177199610293,0.7538446597277187,-1.228965145887614,-23.294883307267103
2001-11-11,10.9833087074713,0.0674226562260829,-2.598155990860133,-23.52041692874076
2001-11-12,13.6471663175002,0.031924503904289706,-2.6915213564511626,-23.369469216188595
2001-11-13,13.362168914120767,-0.009255112560891982,-1.892980246359696,-22.695526606678527
2001-11-14,14.880106775720535,-1.4704475870959728,-2.623142145995164,-22.011677495522882
2001-11-15,15.176043394816084,0.11779477375553826,-2.3207355366296145,-22.059292080046966
2001-11-16,16.245260618056847,-0.7697295936606068,-1.8397616355077577,-20.38872379821526
2001-11-17,16.14834560040152,-1.7536163282188837,-3.2710477471376467,-20.75057134934188
2001-11-18,15.791143084760005,-0.8630497438824937,-4.14292546171664,-22.668529323566865
2001-11-19,15.03290721803503,0.17464984857869392,-4.8905621775088415,-22.411904066297943
2001-11-20,15.084915957747626,-1.6258671165666816,-4.827079385591496,-21.06510101812851
2001-11-21,15.829384348818907,-2.8602026411849386,-5.0504870036123855,-20.68975664685267
2001-11-22,14.826097857595858,-1.9936346072090902,-5.197983109335886,-20.847246016561854
2001-11-23,14.220613714822624,-3.47991207581822,-3.360142371922654,-18.298360483230756
2001-11-24,14.826399946180317,-4.724545664914617,-1.6153046602810488,-19.302385772434285
2001-11-25,15.838967667196277,-5.083696386660917,-2.176903550563909,-18.777344479363933
2001-11-26,15.205202868424449,-5.837944434129802,-3.4343957010693913,-19.483672365832383
2001-11-27,16.067555282763294,-6.619408317740847,-5.230529611778688,-20.32187210698143
2001-11-28,15.206049772001219,-6.591020400898491,-6.752205570272028,-20.309749127799797
2001-11-29,15.231977097111987,-6.389907784834892,-5.249754192347478,-21.51752480044565
2001-11-30,15.123984074318333,-5.342459173926114,-4.55539774447552,-21.7571308185817
2001-12-01,17.14278770778122,-4.562586575419094,-2.145163588497574,-21.746926767237905
2001-12-02,18.22227699168728,-5.018042792671512,-2.2609044542177954,-20.00104383324192
2001-12-03,16.678324946694215,-6.204182092028679,-1.1624139784832845,-22.28352260227533
2001-12-04,16.133026218268565,-5.7975778884099345,-2.579285342164905,-22.488195668555697
2001-12-05,15.052908364281027,-5.740332885738363,-2.9349034681751878,-22.805509344879997
2001-12-06,15.20518164724225,-5.4337523759877975,-3.1083345023869837,-22.98418758514974
2001-12-07,16.015511041234625,-7.151827910420392,-3.7019744546345623,-21.416192890421055
2001-12-08,14.665003858844896,-6.887432603437211,-2.6969585758651977,-20.066758286918038
2001-12-09,13.849654692815532,-7.2956360253467905,-2.1382933324389257,-20.59737944765552
2001-12-10,14.11643266162669,-8.32456966888851,-2.833682535621385,-21.937110476311013
2001-12-11,14.68841688916991,-7.340032592947484,-2.3036481769189976,-20.90140752984947
2001-12-12,14.485736004432654,-6.419899502396351,-1.9621992760873672,-20.58939588645324
2001-12-13,14.666937840706138,-5.912820683128975,-2.4790145491223097,-21.500268965839318
2001-12-14,14.587554449375457,-6.502528784726332,-1.9590309660275094,-21.3410011282799
2001-12-15,14.36020633929094,-7.996183202485891,-4.066210905794654,-22.23786984677274
2001-12-16,14.753774862012024,-8.538399756076545,-5.925672803361126,-22.07551070427993
2001-12-17,14.351173591622254,-9.486494796975375,-5.4360628389380015,-21.120248514190337
2001-12-18,13.662868484437592,-10.773936857246143,-5.899866928302968,-21.118894253337054
2001-12-19,12.358359472258321,-10.38758657699191,-5.504444333626705,-21.428812239247613
2001-12-20,12.093534810285817,-10.13055501728549,-5.434125609560108,-20.15386516765085
2001-12-21,10.192666865096747,-9.714812346489241,-7.125257855408877,-20.77690627081244
2001-12-22,11.61951299154602,-9.104033753908709,-5.341856254443281,-20.96565839581098
2001-12-23,9.96606828734492,-8.981647345858432,-4.754610330192366,-22.90279753872913
2001-12-24,9.56829197390694,-9.390821613321258,-5.645225888619359,-22.93580091109194
2001-12-25,9.557803913003717,-11.020764020813246,-4.719848335511919,-21.760604272393987
2001-12-26,8.467414776419233,-10.966714043702062,-3.9849803944743525,-22.986860552541444
2001-12-27,9.209847639253162,-10.737852702180641,-4.63239064649146,-23.940194681440264
2001-12-28,9.898235258959893,-9.45037116607142,-4.025583050881217,-24.661121253245216
2001-12-29,9.590937259296618,-10.476688052177506,-4.674446462187137,-24.855065977100416
2001-12-30,9.351005182987967,-10.706892931120802,-4.018290802794427,-24.207901963382138
2001-12-31,8.563810482415969,-9.095919554830125,-4.228182136614054,-24.280449808272046
2002-01-01,8.298162428006528,-9.47643439517542,-4.437457789539416,-24.050348507584317
2002-01-02,7.5421076265529985,-8.520303680040684,-5.483765735280173,-23.848836050709174
2002-01-03,6.6822056273187735,-8.570664325562577,-5.072331901998824,-24.165246800988157
2002-01-04,5.862355479569408,-7.980159033089039,-4.656273825097493,-24.67648159464709
2002-01-05,6.174732040059863,-8.246198618031181,-4.516224947472912,-24.62424202577853
2002-01-06,7.082767800689581,-8.36461198588519,-5.178542839808715,-24.913793244972876
2002-01-07,8.008672263236232,-7.163160894050353,-5.80909216303838,-25.69940483195717
2002-01-08,8.223456305688408,-6.120769137583475,-6.183784893297224,-24.081095126140422
2002-01-09,8.291101742884095,-5.770672116808832,-6.586644476938442,-23.39389542006838
2002-01-10,7.7015082384361015,-5.112344128688569,-4.964901264201707,-22.292809256510118
2002-01-11,6.870656268191476,-5.100628075493543,-5.035751544895453,-22.949355302025765
2002-01-12,6.95306845906861,-4.691015171068757,-6.0594140660070455,-23.141730115811107
2002-01-13,5.652248803877875,-3.171119333465761,-7.599963921476318,-23.44361447033846
2002-01-14,5.721831401051413,-3.2060598669812874,-6.595892039226922,-23.068651907597424
2002-01-15,4.459677670167289,-3.8296438066154854,-5.382715860703785,-23.593361469855655
2002-01-16,5.033976944944779,-2.6914259311202455,-5.153049205246845,-23.700013379629464
2002-01-17,5.915616902101499,-2.654863206954971,-5.497235802980282,-24.59601918717626
2002-01-18,7.701989798197926,-2.3649762870551654,-6.2554979276788885,-24.447494537105513
2002-01-19,6.633310557359895,-2.0378380164159964,-5.174105701905404,-24.833267375438105
2002-01-20,6.9488172537437505,-1.668308286864602,-5.018163872509868,-26.46217861690345
2002-01-21,5.242865215770219,-0.30883678743980947,-5.718435629632595,-25.115805175254327
2002-01-22,5.678799557758687,-1.0447983654448936,-4.9763540134291295,-25.8242562886367
2002-01-23,6.15724869283636,-0.7700107615701653,-5.356906391423651,-27.04276537142985
2002-01-24,4.76221913655354,0.8448190357988713,-5.490979888616231,-26.679589210631086
2002-01-25,5.445130888593032,1.600666306063419,-4.446104141856619,-25.793584404434277
2002-01-26,6.344043557232355,0.563637856919851,-4.924851136427196,-26.535688564304987
2002-01-27,7.281842537619246,2.8200642713953847,-4.398725739845351,-26.444632398742677
2002-01-28,7.834217203473175,2.575223284810277,-3.7838450391304486,-27.452054013419254
2002-01-29,6.011999386818054,2.54613502674351,-3.1744574578857003,-26.883556151660486
2002-01-30,6.041674523496779,0.8410890310571435,-4.82594973332523,-26.211477671498642
2002-01-31,4.954199136981275,0.8308354107178733,-6.59522035011106,-26.94662423443534
2002-02-01,5.11643622938725,-1.438958502091069,-5.119402745468239,-28.272193295245973
2002-02-02,5.021923052014074,-1.1764856431338657,-3.6443249429706155,-28.513595252039803
2002-02-03,4.096997603879952,-0.8662903975757085,-4.963138997705911,-28.230573763243687
2002-02-04,4.696574518568254,-0.6654649526795531,-2.5542653307141423,-26.469475413196413
2002-02-05,4.7524354944073615,-1.6056754980225836,-2.48073846070918,-26.360302278049453
2002-02-06,4.270087064527045,-1.0889252920136667,-3.0964409705509173,-24.917997599972175
2002-02-07,4.527228044987739,-2.8296708214826154,-1.9011399835076914,-25.94611968173392
2002-02-08,2.542006336921628,-3.7478114790336465,-4.0219213945429,-25.233034818250495
2002-02-09,2.3375333696729794,-2.442803522173384,-5.676492963067457,-23.384591053546238
2002-02-10,2.369023170233214,-3.7674241953811998,-6.445664199736347,-22.851761203666356
2002-02-11,0.939413028540764,-4.183732553835481,-5.353786827440064,-21.005562245001617
2002-02-12,-0.0021044595765633556,-4.186199869570319,-5.319619137956857,-19.705991975301366
2002-02-13,1.2905020327050947,-3.4057282847160195,-7.842860722400996,-21.169667535565203
2002-02-14,0.5439686730363505,-4.654106752000922,-9.297112900864384,-22.47682782187218
2002-02-15,-0.6742453475194105,-5.019733079668603,-10.34784362218957,-22.105421414788392
2002-02-16,1.644132997805945,-3.316143825337539,-11.38947941726683,-22.08038068588281
2002-02-17,0.48381546564441624,-4.796674151761355,-12.002968430095002,-21.623949475845645
2002-02-18,-0.0005727674654201209,-4.481860732851533,-11.56847151563965,-22.14922229255117
2002-02-19,-0.09198310398718686,-4.78071847822371,-11.739124132294846,-21.901254951783113
2002-02-20,0.4798604396778407,-4.204198813323334,-14.613923523609817,-21.61485130424336
2002-02-21,0.8593980294616984,-3.875217165879533,-14.34115414765806,-20.051046132886338
2002-02-22,0.7370870458953317,-4.280227498095577,-15.487247195109937,-20.589820355204107
2002-02-23,-0.617514481972978,-4.406370739997028,-15.865293524638714,-19.79119372901949
2002-02-24,-0.6651823806888131,-3.6108641349830854,-18.095783593610605,-19.69031925662922
2002-02-25,-0.8798066252210981,-5.448451325662038,-18.406025854511377,-21.483193048246946
2002-02-26,-0.7463110632649101,-4.603136598469385,-19.655455500202784,-20.092866708848828
2002-02-27,0.6451784231778765,-4.10031680273231,-21.520755212443508,-20.815320444237866
2002-02-28,-1.1563746246231323,-3.6871587103162233,-21.208976253371375,-19.862736757768158
2002-03-01,-1.7170605772823948,-4.3824914273522415,-19.619095761934084,-18.66340183288507
2002-03-02,-0.43117121107645473,-3.193349885683441,-19.54516059190691,-20.095572924140058
2002-03-03,-1.291990006392894,-2.8698477960059674,-18.73988865072676,-19.342250617795337
2002-03-04,-2.9443111455068514,-1.9644860436728258,-20.053636071148695,-18.699334040039883
2002-03-05,-2.9814143713729413,-2.014591796441055,-19.677181119844494,-18.60356627506575
2002-03-06,-3.359221868284919,-1.4308164006448232,-21.17797787394478,-18.731465332572895
2002-03-07,-4.356240879870546,-1.5969387045274785,-23.65973295682899,-20.315119753332713
2002-03-08,-4.920436280100234,-0.4177304914553037,-22.355064038052504,-20.554319241259186
2002-03-09,-4.883857081203228,-0.6328178093005868,-22.98684135849277,-20.25822219219327
2002-03-10,-5.59348394620004,-0.23712007958986348,-23.10974956607632,-21.05187779390508
2002-03-11,-6.022928758120718,-1.2197011242417395,-20.700050690078175,-22.068978381797542
2002-03-12,-5.772125227581532,-1.3383110473331516,-18.846447797049386,-22.043640731457174
2002-03-13,-6.3037472924888975,-0.5524484378697161,-19.084507524799864,-21.081766187251812
2002-03-14,-6.548304348524541,-0.720221067998841,-19.745895596413742,-20.971382329649746
2002-03-15,-5.306686841435851,-0.07310002899514612,-19.395752660185263,-22.2036706876006
2002-03-16,-4.417046640862226,0.17206430118901964,-19.90774047121105,-23.116789082485447
2002-03-17,-3.2310030738326567,1.725093104690525,-20.770894409859885,-22.153350720997288
2002-03-18,-3.4774191834923136,1.4261154640404903,-19.3080904488424,-21.091872477100498
2002-03-19,-3.867829600748591,1.0072447340164215,-20.50492418793649,-21.205223672856924
2002-03-20,-3.9960890839187604,0.5019749334845415,-20.775173109378798,-22.963833258338102
2002-03-21,-4.018199879573062,0.2869824053095401,-20.113489979734027,-23.071133859708578
2002-03-22,-3.890365707860488,0.2460170241771228,-21.65094659208942,-23.285615144974958
2002-03-23,-3.70311295567578,1.132031742796011,-21.419560277214874,-24.05348152941574
2002-03-24,-2.795795838884376,-1.5416992254752682,-21.247151689569133,-21.672758087588935
2002-03-25,-3.39828190352925,-1.117185789467459,-19.582984068708985,-21.398727449522205
2002-03-26,-4.397700658684791,-0.27640112921805626,-21.40478766400864,-21.02360450555093
2002-03-27,-6.014311428548937,0.9480540283445341,-20.801268091908636,-20.924821706158315
2002-03-28,-6.329548011896054,-0.3773463130215945,-22.159744663788484,-21.42962148473017
2002-03-29,-7.086509723902357,1.0385058591199705,-21.199728497315107,-19.742404961552744
2002-03-30,-7.804471397869367,0.6801949492355039,-22.16493020476562,-19.101281641928235
2002-03-31,-8.181152478261215,2.8359094992953375,-21.097809238678714,-18.367335816587328
2002-04-01,-8.16367126486937,4.175042981469676,-21.42239307664223,-18.829152273781958
2002-04-02,-7.8753073982312,4.763735085673579,-20.185180861455773,-19.943166325536485
2002-04-03,-6.854066680803662,3.9054622026105585,-19.776048755060426,-20.47478446698718
2002-04-04,-6.003396650922841,4.27869686190694,-18.506012015322373,-19.40364994234306
2002-04-05,-4.621615794197071,4.284265846634418,-19.332142466271723,-18.27257928829634
2002-04-06,-4.9517895732695365,4.728626845236945,-18.811377741442158,-18.41645920482944
2002-04-07,-5.914301035001619,7.041488404580518,-19.141229909512155,-18.750286422899975
2002-04-08,-6.219075825407516,7.5353924910379,-17.64256754545877,-18.77600527444062
2002-04-09,-5.902899152154722,5.78238308830357,-18.33316229103708,-18.18588986642817
2002-04-10,-5.869212714848199,4.088320718753003,-19.39540930209825,-20.093671814901978
2002-04-11,-4.020568003194445,2.992505361117397,-19.535151399548763,-19.711394978867286
2002-04-12,-3.8874276163903323,1.9060988936677692,-18.556306112011683,-18.92659492727129
2002-04-13,-4.497543654138172,1.4757670051830338,-18.865790141024178,-19.057165486449914
2002-04-14,-4.73933805361743,1.7096587193870714,-19.753731685313827,-19.444092463648786
2002-04-15,-4.990291039306994,1.3792332051068312,-18.859055473310367,-19.228111648128515
2002-04-16,-2.9415013353791366,0.9746615963021517,-20.0135180236028,-20.4094755630533
2002-04-17,-2.883686585814214,-1.1676791513467493,-20.509848059280756,-20.514513486622036
2002-04-18,-4.9899267111219725,0.7282569255781031,-20.28573892029004,-21.51645273959674
2002-04-19,-5.844721026719361,0.14160772303619118,-21.590811257149348,-19.481012136993918
2002-04-20,-5.321837595699322,-0.7183602503721311,-22.030795853017583,-20.495674581647982
2002-04-21,-4.7835182112620656,-0.382771818502564,-21.59565801079855,-19.860470549930145
2002-04-22,-5.242099131344339,-2.1430341201400678,-20.37034733896111,-20.418374091455284
2002-04-23,-6.305731862249438,-3.003234530872362,-20.171764741963827,-20.639654472518828
2002-04-24,-5.652779830106637,-2.8534412073254254,-20.82069239083303,-21.33454034613182
2002-04-25,-4.82740921207461,-4.3850927957381,-20.711766233632414,-20.721607095227128
2002-04-26,-2.7945590040449937,-2.9154403587718107,-21.710979327769724,-20.864172718155956
2002-04-27,-1.9954679383406846,-1.9968708643720858,-22.567932885469908,-20.77259078569551
2002-04-28,-1.6030730320056452,-2.4664829811575166,-22.960860845619305,-19.25536960075303
2002-04-29,-1.317432211531855,-1.736382505867887,-22.447060409168806,-18.413365804329082
2002-04-30,-0.938016748463059,-0.4760195720817566,-21.078699798338622,-18.81981094000967
2002-05-01,-1.121394504378041,-0.8260490738883253,-20.362901185425716,-17.805399182115742
2002-05-02,-1.437126976931253,-2.006942616363615,-20.535519633635857,-18.91822182392912
2002-05-03,0.04654646916902916,-0.653950175316163,-19.35001959679029,-19.473079060369233
2002-05-04,1.1670990516303221,-1.6055442350337374,-19.480060468123778,-19.435099754443986
2002-05-05,1.083691506177826,-0.8143142912345123,-18.12147796735099,-20.1734754503725
2002-05-06,0.6651493618169878,-1.6115389037478192,-17.718195255580206,-21.696460211383673
2002-05-07,0.8761887923534962,-1.3721855111729844,-17.614710514358965,-22.26528343274659
2002-05-08,0.8791544547401519,-1.1016956766995631,-17.784524160278977,-22.157281042887853
2002-05-09,0.5777731003479338,-1.9874197097468111,-18.73536763356455,-21.827045265684795
2002-05-10,-1.2676155004028753,-2.5042773792469166,-18.247296003371073,-22.752152438299706
2002-05-11,-0.18332375106471255,-2.821474067069836,-20.051363768485597,-22.835941650725026
2002-05-12,0.26578400061259316,-0.45259155364168313,-19.92193337023451,-22.69738564139262
2002-05-13,2.714397904343601,-0.579946431225157,-18.718568005312154,-22.386353207919722
2002-05-14,3.2083279887684046,0.7235632329849184,-20.237883976753285,-21.62527742391855
2002-05-15,1.9073859561962492,-1.0178696324983687,-20.52144316415234,-21.54727522644454
2002-05-16,1.1930114198919108,-1.3409139110695745,-22.096340311174014,-21.609506228095363
2002-05-17,0.5728060346091788,-2.1380155568390924,-20.90412614064772,-21.363139396283614
2002-05-18,2.067007973683609,-1.5274951830451078,-21.77800414030544,-21.61683289902905
2002-05-19,3.713932727799602,0.10895100764299959,-23.59044847487779,-23.19135794367899
2002-05-20,3.739828220032588,0.4709274167587632,-24.795677341359493,-24.152290773676903
2002-05-21,4.458955722739926,-1.067789861561381,-25.29100852897813,-22.249215510263202
2002-05-22,5.573167636294701,-0.044821278810160514,-24.179283522349962,-21.901457863118242
2002-05-23,6.847146986668636,-0.3516899716030213,-24.425704234823048,-22.072445112417775
2002-05-24,6.354101626340181,-0.37765317656368613,-24.40674889219463,-23.83222939825649
2002-05-25,7.941261353179819,-0.8559454846516599,-24.7233857877596,-23.221027412598183
2002-05-26,8.247810366382264,-0.05083156382228826,-24.929589254024496,-23.883069476762174
2002-05-27,8.236811744379542,-1.2362325442917992,-24.425218140539492,-23.851322886393564
2002-05-28,8.656591074067133,-1.0788979893668746,-23.806928941312307,-23.8252436545438
2002-05-29,8.9928211951146,-1.785687601428248,-25.625790274410058,-23.38967708524451
2002-05-30,8.102423024633547,-0.22109274303944737,-26.73921245140929,-24.985225885692454
2002-05-31,7.8315388742702,-0.8683969472960331,-27.17430299004852,-24.754489660119003
2002-06-01,9.37961619552591,-1.0236994571201525,-27.627963051099247,-23.850823454769156
2002-06-02,9.368901189748732,-1.9608459234830349,-27.17568317440321,-24.960086006680882
2002-06-03,9.626813886550156,-1.6478212897423081,-27.309417156900725,-24.27237638719412
2002-06-04,10.002545981149773,0.6935531253488734,-27.899293834545738,-24.25765443875653
2002-06-05,10.051064916877495,0.10113519206883792,-26.983256557688147,-25.656967029741956
2002-06-06,10.0147467041918,0.16476750149501723,-26.62294989427245,-26.159010919002686
2002-06-07,9.044008485294036,-0.6059591365871944,-25.817105304245032,-25.987335156918512
2002-06-08,8.163482755056783,-0.7734762828230402,-25.616251001446592,-26.569599972330153
2002-06-09,8.057752444458103,0.17966473491984614,-25.67720453297555,-28.583256970572993
2002-06-10,8.036943912043503,0.4520888436464418,-26.883396984567728,-27.269385228307986
2002-06-11,8.292468886920386,1.3813430383819687,-25.873096963809797,-26.693279233874186
2002-06-12,6.9952998243322035,1.3287594825098434,-25.69478561077552,-27.068902732359454
2002-06-13,6.911886044593114,1.630118549528615,-25.045234747351895,-27.208808944686677
2002-06-14,6.562579225369627,2.0281156594159118,-25.543826951882796,-27.8946295483301
2002-06-15,7.085323352200686,2.088740005136443,-25.33739357411878,-27.543835900637013
2002-06-16,6.634699953859468,2.3639047438042606,-24.747586533029594,-26.908999562591116
2002-06-17,6.555204352688246,3.049506882450982,-26.077428105931748,-25.8900265487297
2002-06-18,7.660882771870655,4.1457239345578385,-26.132518028618595,-24.439423084887615
2002-06-19,7.326052776542638,2.268011872398548,-25.737435291647518,-24.60599001173312
2002-06-20,6.541071561151185,3.4666546704609336,-24.483038479179235,-24.121419435912003
2002-06-21,8.55689253525071,2.3250740385541593,-24.63618508901492,-24.23417201518401
2002-06-22,8.40182623022196,0.968782533478453,-24.980308456107863,-23.10829985002178
2002-06-23,8.552307200248537,1.8212498397309558,-25.279478187436297,-22.888943406274716
2002-06-24,7.632566662947843,2.0718457586626426,-23.884687566540226,-21.36677205530789
2002-06-25,7.10874039494909,1.4734645108045403,-24.109115899902694,-18.910287329479313
2002-06-26,9.400479496276045,2.6024731917922175,-24.84384829264049,-18.49530795989587
2002-06-27,10.370994277379518,2.8097957522644683,-25.25003296539562,-19.35746300574889
2002-06-28,11.04929944489802,3.3474776761090825,-25.1903467084333,-21.60533714757613
2002-06-29,11.824951110129845,3.039557793244517,-26.618056454439337,-21.63466605397287
2002-06-30,10.722445196675999,1.5122638772213175,-25.13973844969736,-22.424670019875947
2002-07-01,9.250407041871426,0.6823287992153907,-25.783108653934722,-21.860204695436618
2002-07-02,9.744858088120395,2.5521893847395996,-25.61752024093556,-22.698175199420383
2002-07-03,7.955820703538683,2.9634463633349655,-24.65648837199345,-23.79660171110405
2002-07-04,7.7189676605255135,4.72230695041398,-23.681052939124527,-24.711140769306063
2002-07-05,6.42475244452211,5.035469193663377,-23.20440154555188,-24.52233488327061
2002-07-06,6.193152150360464,5.135676181363743,-22.473273479641474,-25.073908181314223
2002-07-07,5.445031825372295,3.2015276388745244,-22.067878387788973,-24.318196653824526
2002-07-08,5.769559370149262,3.689448369456381,-22.03735080507402,-23.72788662040726
2002-07-09,6.788652808512642,2.681962392771423,-21.937698724985683,-24.205934069950825
2002-07-10,4.21336151205413,3.183601961808445,-20.293458742423706,-25.256590227569372
2002-07-11,3.5972663755325915,3.497733085284968,-22.418472465488236,-27.082595844659423
2002-07-12,3.1556912765329863,3.2580946580753887,-23.862248638669033,-26.44347241272681
2002-07-13,3.592346618873856,2.273112464496288,-24.59208108032008,-27.533128173053623
2002-07-14,5.990329304367599,3.827064300112216,-23.98197321292935,-27.31171738240572
2002-07-15,6.234078372140873,2.6700927235995593,-23.717210658461347,-28.0672232900476
2002-07-16,4.684933530732263,2.4214122984403064,-25.367791166705665,-27.0255645878587
2002-07-17,3.509585569765843,3.4967825014834792,-24.439053557276655,-27.6485259444407
2002-07-18,3.3290863013857703,3.4820671340789926,-24.457080968588702,-28.632927695584335
2002-07-19,1.0310841049389348,1.513756167283994,-24.406146079369673,-29.887146585157765
2002-07-20,0.09174163818935688,0.01678627065645788,-23.625569230323684,-28.54919713211567
2002-07-21,0.7096414923047762,-0.10488721751600505,-22.35725287839988,-28.824359756242963
2002-07-22,0.40790479487158704,-1.1296919406449297,-22.538579953809045,-29.665585709418735
2002-07-23,0.06400456677558575,-0.3998111964044605,-22.252274915609117,-29.49042420014051
2002-07-24,0.2813515249546057,-0.5052738125308086,-21.72518996090934,-29.363525899676713
2002-07-25,-0.6334808574634538,-0.4504544851451594,-20.18062240568146,-29.85664534149824
2002-07-26,-0.006918720169970527,-0.5186576552449988,-18.911202918328694,-29.672026563958163
2002-07-27,-1.668597523748038,-1.5429958386852416,-19.732885039965524,-28.04784288683113
2002-07-28,-1.73642744616692,-2.5579302847740584,-20.206927021192065,-28.271650344210986
2002-07-29,-3.0250040338871704,-1.3017540423074956,-18.67536717093653,-27.983062725051447
2002-07-30,-1.9878793227365437,-0.7800208465824718,-18.538719829937058,-27.2454621259947
2002-07-31,-1.2017109228078335,0.498924354280881,-17.98453443564388,-27.449592837351958
2002-08-01,-2.599874075927522,0.14144691348519212,-19.20075698782521,-27.097096907098763
2002-08-02,-1.3124186111245852,-0.15441933189734247,-18.81354275037988,-29.105388532705994
2002-08-03,0.24517892153153986,-2.19065315410396,-17.754530492886484,-28.186819973139475
2002-08-04,1.243051818561931,-2.166304525274601,-18.594111215938696,-29.303572815027245
2002-08-05,1.4664329010061756,-0.6057491788861877,-16.32559140289911,-28.314863381826036
2002-08-06,2.6099803424832064,0.8250318894085085,-16.57674337438173,-27.426269508946223
2002-08-07,1.4221086479805065,0.26195581867370954,-18.234095907640235,-27.379462453635583
2002-08-08,0.5076349516885037,-0.07250205860095632,-16.879243600202308,-27.305837173925486
2002-08-09,0.7468625435934689,0.7095780800541625,-16.667590945473222,-26.88563674958271
2002-08-10,1.3648984807060172,-0.09512603947034803,-16.465732179464982,-26.484190643450894
2002-08-11,1.659669777658864,-0.7300496007435415,-16.23587005572922,-26.80175672640432
2002-08-12,3.3214166081674534,-1.0357157641901444,-15.42517651211627,-27.430630683682068
2002-08-13,3.383973959953449,-0.5364317292329008,-15.847831115429337,-28.102384037449177
2002-08-14,2.6080147939569556,-1.8383879156620366,-14.659851745080672,-29.981137459760404
2002-08-15,2.724848499619186,-3.1106419353582346,-15.071252168583449,-31.801638131279667
2002-08-16,2.7045564775365563,-3.5757000510524493,-13.816664260614507,-30.50963138324556
2002-08-17,2.268236757343523,-2.731831514537205,-13.973695755150342,-31.260722005226686
2002-08-18,2.1272611579582716,-0.9864662023869442,-15.399501687262525,-31.800434463820558
2002-08-19,1.6150178378456066,-1.151179320443814,-16.1358623647105,-32.533072863253075
2002-08-20,2.909070594063925,-0.7225524435064639,-16.6672363172534,-33.54514262853589
2002-08-21,3.362874465294845,-0.6335951483567563,-15.97757622380635,-34.696551377873135
2002-08-22,4.004508211091112,-0.49159248884607853,-15.930944347748083,-35.637870658679425
2002-08-23,4.0927842512561075,-0.5077593305848909,-13.84288467345878,-35.49326236656969
2002-08-24,2.3466354950174395,-0.2799838059841975,-12.787992582786469,-35.37936628788889
2002-08-25,3.8310555742784653,-0.44920808675582596,-13.17813171322046,-35.914257920770794
2002-08-26,3.676471322570829,-0.09510445831102216,-13.835597918844147,-35.55807098866768
2002-08-27,2.040072961878242,-0.6730285094990318,-13.637221130067816,-36.919130711392704
2002-08-28,1.2566336390869863,-0.8626513624286665,-13.807712072154086,-36.52225167082928
2002-08-29,1.3603854408270857,-0.8902600929708637,-15.600342630653941,-36.6870626276233
2002-08-30,0.40582978511049816,0.0028844299623229652,-14.990054783667757,-37.20818085693247
2002-08-31,0.4634807891389892,-1.1796515692461285,-14.509442277452276,-37.356102142443916
2002-09-01,0.018029457767899493,-1.870478636650772,-15.265923598529326,-37.84742041941772
2002-09-02,0.5812129694904316,-2.2411058083884168,-17.01009987216089,-38.099104776158796
2002-09-03,2.154676816870162,-2.505230996876009,-16.451379305456193,-38.21417238814013
2002-09-04,1.7128610759039127,-3.164500783480528,-15.295429035016232,-39.60948277893277
2002-09-05,5.491242994982617,-3.4988733983534495,-15.742016111351326,-39.66214711950507
2002-09-06,7.19866742772878,-4.042142215722082,-16.846302972882718,-39.13746174294446
2002-09-07,8.288360906464016,-3.110259331019735,-17.459302891566118,-39.24435950655395
2002-09-08,8.07559384022023,-2.1908536377639782,-16.001545839795465,-39.19545201065545
2002-09-09,9.067420442310896,-1.2374206712094842,-16.259754604648112,-39.81149194571572
2002-09-10,7.923154852285478,-1.5064563032196836,-16.676449173455445,-38.97472368998632
2002-09-11,7.404274325412127,-1.1454318854661836,-15.941517734754871,-38.883493184109376
2002-09-12,7.521066955619753,0.530271355480967,-16.459047687673134,-39.24679627690016
2002-09-13,7.9459822437628524,-0.44671734245198336,-17.694941172220833,-39.063339854479885
2002-09-14,9.488780281971763,0.4671207881385606,-17.838832600808967,-39.50723647239599
2002-09-15,9.856011815998711,1.8441417568277019,-17.811594647131493,-38.91812735716174
2002-09-16,10.15256441412999,2.099337280030807,-17.373505972288278,-38.59850575095043
2002-09-17,9.346736207364264,1.5397784650377293,-16.277989644994502,-38.96241706529041
2002-09-18,8.305769440514872,1.4805371456882739,-16.947593075398817,-40.83626852382948
2002-09-19,6.586949211977006,-0.6186182365192341,-18.201662389803623,-40.874834080677914
2002-09-20,6.197089603249406,0.2068186052010701,-17.95483355768817,-40.85121530785055
2002-09-21,7.212323516983206,0.131473834767172,-18.605168570394397,-39.95136552925544
2002-09-22,7.8441753425429575,-0.4520351891553709,-18.971219344522844,-39.44018523567399
2002-09-23,9.072734301751474,-1.1373637636284015,-19.168451377506425,-37.33216554662886
2002-09-24,9.957398781244134,1.5047909580328542,-19.085332629168665,-36.949648527857796
2002-09-25,10.518648445513461,1.8590983583498328,-18.503339559361496,-35.97999439209345
2002-09-26,11.996085329190656,1.5361350475835849,-16.880309563632913,-36.14854725822231
